#MJD,index_lag_1,index_lag_2,index_lag_3,index_lag_4,index_lag_5,index_lag_6,index_rolling_mean_7,index_rolling_std_7,flux_lag_1,flux_lag_2,flux_lag_3,flux_lag_4,flux_lag_5,flux_lag_6,flux_rolling_mean_7,flux_rolling_std_7
57885.4999537037,4.38,3.15,3.71,4.16,3.89,5.0,4.02,0.58,-6.6307841425898575,-6.910094888560602,-6.853871964321762,-6.85078088734462,-6.889410289700751,-6.6439741428068775,-6.8,0.11
58165.4999537037,3.88,4.38,3.15,3.71,4.16,3.89,3.87,0.39,-6.787812395596042,-6.6307841425898575,-6.910094888560602,-6.853871964321762,-6.85078088734462,-6.889410289700751,-6.84,0.1
58263.4999537037,3.93,3.88,4.38,3.15,3.71,4.16,3.64,0.71,-6.931814138253839,-6.787812395596042,-6.6307841425898575,-6.910094888560602,-6.853871964321762,-6.85078088734462,-6.84,0.1
58522.4999537037,2.29,3.93,3.88,4.38,3.15,3.71,3.56,0.67,-6.882728704344236,-6.931814138253839,-6.787812395596042,-6.6307841425898575,-6.910094888560602,-6.853871964321762,-6.84,0.11
58697.4999537037,3.59,2.29,3.93,3.88,4.38,3.15,3.47,0.69,-6.91721462968355,-6.882728704344236,-6.931814138253839,-6.787812395596042,-6.6307841425898575,-6.910094888560602,-6.85,0.11
59313.4999537037,3.07,3.59,2.29,3.93,3.88,4.38,3.37,0.79,-6.920818753952375,-6.91721462968355,-6.882728704344236,-6.931814138253839,-6.787812395596042,-6.6307841425898575,-6.85,0.11
59593.4999537037,2.46,3.07,3.59,2.29,3.93,3.88,3.18,0.65,-6.892790030352131,-6.920818753952375,-6.91721462968355,-6.882728704344236,-6.931814138253839,-6.787812395596042,-6.87,0.07
