#MJD,index_target_1d,index_target_2d
55666.49998842592,6.42,8.89
56114.499976851854,8.89,3.57
56149.499976851854,3.57,2.87
56331.499976851854,2.87,3.29
56436.499976851854,3.29,4.31
56527.499976851854,4.31,4.36
56709.499976851854,4.36,4.59
56919.499976851854,4.59,3.23
56968.499976851854,3.23,2.63
57339.49996527778,2.63,2.72
57556.49996527778,2.72,3.32
57724.49996527778,3.32,9.23
58165.4999537037,9.23,3.83
59082.4999537037,3.83,3.78
