#MJD,index_target_1d,index_target_2d
56695.499976851854,2.48,2.97
56814.499976851854,2.97,3.33
56919.499976851854,3.33,3.32
59621.4999537037,3.32,5.21
