#MJD,flux_target_1d,flux_target_2d
58242.4999537037,-6.860120913598763,-6.636388020107856
58389.4999537037,-6.636388020107856,-6.716698771296451
58445.4999537037,-6.716698771296451,-6.920818753952375
58648.4999537037,-6.920818753952375,-6.787812395596042
