#MJD,flux_target_1d,flux_target_2d
57591.49996527778,-7.213248577854439,-7.277366077466188
59544.4999537037,-7.277366077466188,-6.872895201635193
59761.4999537037,-6.872895201635193,-6.966576244513051
59852.4999537037,-6.966576244513051,-6.935542010773082
59922.4999537037,-6.935542010773082,-6.87942606879415
60286.4999537037,-6.87942606879415,-7.130768280269024
