#MJD,index_lag_1,index_lag_2,index_lag_3,index_lag_4,index_lag_5,index_lag_6,index_rolling_mean_7,index_rolling_std_7,flux_lag_1,flux_lag_2,flux_lag_3,flux_lag_4,flux_lag_5,flux_lag_6,flux_rolling_mean_7,flux_rolling_std_7
57416.49996527778,5.41,5.65,5.68,5.59,2.72,4.98,5.1,1.08,-6.97469413473523,-6.8696662315049934,-6.991399828238082,-7.140861702705469,-7.116338564846382,-7.008330992620052,-7.01,0.09
58466.4999537037,5.67,5.41,5.65,5.68,5.59,2.72,4.56,1.84,-6.995678626217358,-6.97469413473523,-6.8696662315049934,-6.991399828238082,-7.140861702705469,-7.116338564846382,-7.0,0.1
58620.4999537037,1.17,5.67,5.41,5.65,5.68,5.59,4.76,1.68,-6.886056647693163,-6.995678626217358,-6.97469413473523,-6.8696662315049934,-6.991399828238082,-7.140861702705469,-6.99,0.1
59621.4999537037,4.13,1.17,5.67,5.41,5.65,5.68,4.56,1.64,-7.09799710864927,-6.886056647693163,-6.995678626217358,-6.97469413473523,-6.8696662315049934,-6.991399828238082,-6.97,0.08
59656.4999537037,4.2,4.13,1.17,5.67,5.41,5.65,4.05,1.78,-7.009217308196862,-7.09799710864927,-6.886056647693163,-6.995678626217358,-6.97469413473523,-6.8696662315049934,-7.02,0.15
