#MJD,flux_target_1d,flux_target_2d
55064.49998842592,-7.13608262304214,-7.090443970758825
55190.49998842592,-7.090443970758825,-7.153662887870195
56772.499976851854,-7.153662887870195,-7.031050319018657
58403.4999537037,-7.031050319018657,-7.072116589669293
58970.4999537037,-7.072116589669293,-7.097453220686009
59180.4999537037,-7.097453220686009,-7.021363051615525
