#MJD,flux_lag_1,flux_lag_2,flux_lag_3,flux_lag_4,flux_lag_5,flux_lag_6,flux_rolling_mean_7,flux_rolling_std_7,index_lag_1,index_lag_2,index_lag_3,index_lag_4,index_lag_5,index_lag_6,index_rolling_mean_7,index_rolling_std_7
55911.49998842592,-6.97061622231479,-7.008330992620052,-6.728158393463501,-7.098541678603888,-6.872895201635193,-6.692503962086787,-6.91,0.15,2.89,2.88,2.59,2.33,6.26,4.71,3.5,1.44
56506.499976851854,-6.97469413473523,-6.97061622231479,-7.008330992620052,-6.728158393463501,-7.098541678603888,-6.872895201635193,-6.96,0.13,2.84,2.89,2.88,2.59,2.33,6.26,3.17,1.38
57381.49996527778,-7.0762380391713,-6.97469413473523,-6.97061622231479,-7.008330992620052,-6.728158393463501,-7.098541678603888,-6.95,0.14,2.38,2.84,2.89,2.88,2.59,2.33,2.83,0.52
58508.4999537037,-6.795880017344075,-7.0762380391713,-6.97469413473523,-6.97061622231479,-7.008330992620052,-6.728158393463501,-6.92,0.12,3.89,2.38,2.84,2.89,2.88,2.59,3.39,1.36
