#MJD,index_target_1d,index_target_2d
56849.499976851854,3.27,2.35
57360.49996527778,2.35,2.51
57367.49996527778,2.51,2.34
57584.49996527778,2.34,3.65
57766.4999537037,3.65,6.93
58431.4999537037,6.93,3.72
58620.4999537037,3.72,7.17
58634.4999537037,7.17,2.6
58739.4999537037,2.6,3.05
59047.4999537037,3.05,2.53
59068.4999537037,2.53,6.95
59089.4999537037,6.95,5.53
59320.4999537037,5.53,6.98
59474.4999537037,6.98,2.37
59600.4999537037,2.37,2.69
60104.4999537037,2.69,2.68
60216.4999537037,2.68,4.14
