#MJD,flux_target_1d,flux_target_2d
56562.499976851854,-7.06198090252379,-7.100726812682396
56716.499976851854,-7.100726812682396,-7.054531414868181
56779.499976851854,-7.054531414868181,-6.910094888560602
58263.4999537037,-6.910094888560602,-6.982966660701219
58599.4999537037,-6.982966660701219,-5.388276691992658
58676.4999537037,-5.388276691992658,-6.910094888560602
59124.4999537037,-6.910094888560602,-6.85078088734462
59775.4999537037,-6.85078088734462,-7.009661145212399
60566.4999537037,-7.009661145212399,-7.115204636051019
