#MJD,flux_target_1d,flux_target_2d
56464.499976851854,-7.080921907623926,-6.978810700930062
56541.499976851854,-6.978810700930062,-7.047207556955908
56786.499976851854,-7.047207556955908,-7.166215625343521
57745.49996527778,-7.166215625343521,-7.0670191780768015
59698.4999537037,-7.0670191780768015,-7.175223537524454
60167.4999537037,-7.175223537524454,-7.259637310505756
