#MJD,index_target_1d,index_target_2d
56464.499976851854,6.93,5.15
56541.499976851854,5.15,6.05
56625.499976851854,6.05,2.89
57164.499976851854,2.89,2.66
57283.49996527778,2.66,2.12
57360.49996527778,2.12,2.92
57682.49996527778,2.92,6.94
57689.49996527778,6.94,2.83
57703.49996527778,2.83,2.82
57745.49996527778,2.82,6.85
58088.4999537037,6.85,4.68
58949.4999537037,4.68,3.61
59698.4999537037,3.61,6.68
60118.4999537037,6.68,7.49
