#MJD,flux_target_1d,flux_target_2d
59411.4999537037,-7.147520006363144,-7.115204636051019
59425.4999537037,-7.115204636051019,-6.540607512240769
59474.4999537037,-6.540607512240769,-7.0
59628.4999537037,-7.0,-7.063486257521107
59957.4999537037,-7.063486257521107,-6.97469413473523
60202.4999537037,-6.97469413473523,-7.124360062995832
