#MJD,index_target_1d,index_target_2d
57304.49996527778,3.65,4.12
57339.49996527778,4.12,3.03
57850.4999537037,3.03,3.53
58025.4999537037,3.53,2.75
59012.4999537037,2.75,10.0
59383.4999537037,10.0,4.89
60069.4999537037,4.89,10.0
60342.4999537037,10.0,3.19
