#MJD,flux_lag_1,flux_lag_2,flux_lag_3,flux_lag_4,flux_lag_5,flux_lag_6,flux_rolling_mean_7,flux_rolling_std_7,index_lag_1,index_lag_2,index_lag_3,index_lag_4,index_lag_5,index_lag_6,index_rolling_mean_7,index_rolling_std_7
56639.499976851854,-7.146910470148135,-7.272458742971444,-7.3979400086720375,-7.273272790973428,-7.4179366370882915,-7.360513510731414,-7.31,0.09,2.93,3.06,1.9,2.91,2.52,3.13,2.64,0.5
58291.4999537037,-7.302770657240282,-7.146910470148135,-7.272458742971444,-7.3979400086720375,-7.273272790973428,-7.4179366370882915,-7.32,0.1,2.05,2.93,3.06,1.9,2.91,2.52,2.64,0.49
58669.4999537037,-7.438898616350944,-7.302770657240282,-7.146910470148135,-7.272458742971444,-7.3979400086720375,-7.273272790973428,-7.33,0.11,3.11,2.05,2.93,3.06,1.9,2.91,2.61,0.51
58991.4999537037,-7.459670525209126,-7.438898616350944,-7.302770657240282,-7.146910470148135,-7.272458742971444,-7.3979400086720375,-7.32,0.12,2.32,3.11,2.05,2.93,3.06,1.9,2.91,1.04
59096.4999537037,-7.213958789757446,-7.459670525209126,-7.438898616350944,-7.302770657240282,-7.146910470148135,-7.272458742971444,-7.27,0.14,5.0,2.32,3.11,2.05,2.93,3.06,3.18,0.98
59859.4999537037,-7.086186147616283,-7.213958789757446,-7.459670525209126,-7.438898616350944,-7.302770657240282,-7.146910470148135,-7.27,0.14,3.78,5.0,2.32,3.11,2.05,2.93,3.28,1.01
60545.4999537037,-7.27083521030723,-7.086186147616283,-7.213958789757446,-7.459670525209126,-7.438898616350944,-7.302770657240282,-7.31,0.13,3.8,3.78,5.0,2.32,3.11,2.05,3.2,1.07
60692.4999537037,-7.39040559077478,-7.27083521030723,-7.086186147616283,-7.213958789757446,-7.459670525209126,-7.438898616350944,-7.32,0.14,2.31,3.8,3.78,5.0,2.32,3.11,3.38,0.94
