#MJD,index_target_1d,index_target_2d
56555.499976851854,4.62,3.5
57563.49996527778,3.5,6.54
57605.49996527778,6.54,10.0
58116.4999537037,10.0,4.95
58354.4999537037,4.95,2.95
58361.4999537037,2.95,4.34
58368.4999537037,4.34,2.94
58536.4999537037,2.94,4.47
58690.4999537037,4.47,5.73
59243.4999537037,5.73,3.11
59390.4999537037,3.11,4.02
59439.4999537037,4.02,3.4
59663.4999537037,3.4,10.0
59985.4999537037,10.0,2.68
59999.4999537037,2.68,8.99
60153.4999537037,8.99,4.2
