#MJD,flux_lag_1,flux_lag_2,flux_lag_3,flux_lag_4,flux_lag_5,flux_lag_6,flux_rolling_mean_7,flux_rolling_std_7,index_lag_1,index_lag_2,index_lag_3,index_lag_4,index_lag_5,index_lag_6,index_rolling_mean_7,index_rolling_std_7
58487.4999537037,-6.540607512240769,-7.039053804266168,-7.07727454200674,-6.892790030352131,-7.0195421077238995,-6.924453038607469,-6.93,0.19,3.53,5.0,3.13,5.0,4.42,4.3,4.17,0.72
58844.4999537037,-7.037157318798758,-6.540607512240769,-7.039053804266168,-7.07727454200674,-6.892790030352131,-7.0195421077238995,-6.94,0.19,3.8,3.53,5.0,3.13,5.0,4.42,3.89,0.99
59054.4999537037,-7.006123085058789,-7.037157318798758,-6.540607512240769,-7.039053804266168,-7.07727454200674,-6.892790030352131,-6.87,0.25,2.34,3.8,3.53,5.0,3.13,5.0,3.62,1.07
59264.4999537037,-6.4698003017969175,-7.006123085058789,-7.037157318798758,-6.540607512240769,-7.039053804266168,-7.07727454200674,-6.88,0.26,2.54,2.34,3.8,3.53,5.0,3.13,3.31,0.91
59586.4999537037,-7.005243055412372,-6.4698003017969175,-7.006123085058789,-7.037157318798758,-6.540607512240769,-7.039053804266168,-6.79,0.3,2.83,2.54,2.34,3.8,3.53,5.0,3.12,1.07
59782.4999537037,-6.404503778174426,-7.005243055412372,-6.4698003017969175,-7.006123085058789,-7.037157318798758,-6.540607512240769,-6.79,0.3,1.83,2.83,2.54,2.34,3.8,3.53,2.83,0.68
