#MJD,index_lag_1,index_lag_2,index_lag_3,index_lag_4,index_lag_5,index_lag_6,index_rolling_mean_7,index_rolling_std_7,flux_lag_1,flux_lag_2,flux_lag_3,flux_lag_4,flux_lag_5,flux_lag_6,flux_rolling_mean_7,flux_rolling_std_7
57689.49996527778,2.61,4.38,3.09,2.67,8.28,3.55,4.03,1.97,-6.787812395596042,-6.886056647693163,-6.688246138944246,-6.913640169325252,-6.954677021213342,-6.954677021213342,-6.88,0.1
57710.49996527778,3.63,2.61,4.38,3.09,2.67,8.28,4.0,1.98,-6.97061622231479,-6.787812395596042,-6.886056647693163,-6.688246138944246,-6.913640169325252,-6.954677021213342,-6.88,0.11
57871.4999537037,3.35,3.63,2.61,4.38,3.09,2.67,3.38,0.66,-6.958607314841775,-6.97061622231479,-6.787812395596042,-6.886056647693163,-6.688246138944246,-6.913640169325252,-6.86,0.1
57976.4999537037,3.96,3.35,3.63,2.61,4.38,3.09,3.48,0.58,-6.806875401645539,-6.958607314841775,-6.97061622231479,-6.787812395596042,-6.886056647693163,-6.688246138944246,-6.85,0.1
