#MJD,flux_target_1d,flux_target_2d
57374.49996527778,-7.245651664288981,-7.199970640755866
57528.49996527778,-7.199970640755866,-7.293282217663242
57822.4999537037,-7.293282217663242,-7.279840696594043
57857.4999537037,-7.279840696594043,-7.369572124974976
57920.4999537037,-7.369572124974976,-7.3260580013659125
58018.4999537037,-7.3260580013659125,-7.369572124974976
58060.4999537037,-7.369572124974976,-7.164309428507575
58179.4999537037,-7.164309428507575,-7.1249387366083
58543.4999537037,-7.1249387366083,-7.166215625343521
