#MJD,index_target_1d,index_target_2d
57955.4999537037,5.63,3.08
59089.4999537037,3.08,3.47
59215.4999537037,3.47,2.82
