#MJD,index_lag_1,index_lag_2,index_lag_3,index_lag_4,index_lag_5,index_lag_6,index_rolling_mean_7,index_rolling_std_7,flux_lag_1,flux_lag_2,flux_lag_3,flux_lag_4,flux_lag_5,flux_lag_6,flux_rolling_mean_7,flux_rolling_std_7
57892.4999537037,3.39,2.81,5.93,7.62,2.84,4.08,4.29,1.81,-7.116338564846382,-7.150580586203101,-6.978810700930062,-7.0589857562944305,-7.0034883278458215,-7.034798298974088,-7.06,0.06
59201.4999537037,3.38,3.39,2.81,5.93,7.62,2.84,4.31,1.81,-7.075720713938118,-7.116338564846382,-7.150580586203101,-6.978810700930062,-7.0589857562944305,-7.0034883278458215,-7.06,0.06
59341.4999537037,4.23,3.38,3.39,2.81,5.93,7.62,4.36,1.77,-7.0195421077238995,-7.075720713938118,-7.116338564846382,-7.150580586203101,-6.978810700930062,-7.0589857562944305,-7.05,0.08
59390.4999537037,3.17,4.23,3.38,3.39,2.81,5.93,3.68,1.1,-6.928117992693875,-7.0195421077238995,-7.075720713938118,-7.116338564846382,-7.150580586203101,-6.978810700930062,-7.03,0.08
60146.4999537037,2.85,3.17,4.23,3.38,3.39,2.81,3.86,1.53,-6.962573502059376,-6.928117992693875,-7.0195421077238995,-7.075720713938118,-7.116338564846382,-7.150580586203101,-7.03,0.09
60167.4999537037,7.16,2.85,3.17,4.23,3.38,3.39,3.89,1.51,-6.958607314841775,-6.962573502059376,-6.928117992693875,-7.0195421077238995,-7.075720713938118,-7.116338564846382,-7.03,0.08
60272.4999537037,3.03,7.16,2.85,3.17,4.23,3.38,3.75,1.6,-7.129596094720973,-6.958607314841775,-6.962573502059376,-6.928117992693875,-7.0195421077238995,-7.075720713938118,-7.03,0.08
60629.4999537037,2.44,3.03,7.16,2.85,3.17,4.23,3.85,1.6,-7.122628654130226,-7.129596094720973,-6.958607314841775,-6.962573502059376,-6.928117992693875,-7.0195421077238995,-7.02,0.08
