#MJD,index_target_1d,index_target_2d
56100.49998842592,4.86,4.66
56149.499976851854,4.66,5.0
56401.499976851854,5.0,5.0
57675.49996527778,5.0,5.0
