#MJD,index_lag_1,index_lag_2,index_lag_3,index_lag_4,index_lag_5,index_lag_6,index_rolling_mean_7,index_rolling_std_7,flux_lag_1,flux_lag_2,flux_lag_3,flux_lag_4,flux_lag_5,flux_lag_6,flux_rolling_mean_7,flux_rolling_std_7
56352.499976851854,2.55,2.26,2.82,2.85,2.49,2.52,2.58,0.2,-7.101274818410507,-7.235077015350112,-7.215382707367125,-7.339134521996131,-7.149966742310231,-6.962573502059376,-7.17,0.12
57458.49996527778,2.6,2.55,2.26,2.82,2.85,2.49,2.58,0.21,-7.185086818724926,-7.101274818410507,-7.235077015350112,-7.215382707367125,-7.339134521996131,-7.149966742310231,-7.21,0.07
57703.49996527778,2.46,2.6,2.55,2.26,2.82,2.85,2.58,0.21,-7.22767829327708,-7.185086818724926,-7.101274818410507,-7.235077015350112,-7.215382707367125,-7.339134521996131,-7.21,0.07
58214.4999537037,2.5,2.46,2.6,2.55,2.26,2.82,2.49,0.2,-7.157390760389438,-7.22767829327708,-7.185086818724926,-7.101274818410507,-7.235077015350112,-7.215382707367125,-7.18,0.06
58431.4999537037,2.26,2.5,2.46,2.6,2.55,2.26,2.42,0.14,-7.106238237942057,-7.157390760389438,-7.22767829327708,-7.185086818724926,-7.101274818410507,-7.235077015350112,-7.13,0.12
58648.4999537037,2.29,2.26,2.5,2.46,2.6,2.55,2.4,0.17,-6.896196279044043,-7.106238237942057,-7.157390760389438,-7.22767829327708,-7.185086818724926,-7.101274818410507,-7.14,0.13
60181.4999537037,2.14,2.29,2.26,2.5,2.46,2.6,2.37,0.16,-7.326979092871104,-6.896196279044043,-7.106238237942057,-7.157390760389438,-7.22767829327708,-7.185086818724926,-7.18,0.15
60356.4999537037,2.35,2.14,2.29,2.26,2.5,2.46,2.38,0.17,-7.348721986001856,-7.326979092871104,-6.896196279044043,-7.106238237942057,-7.157390760389438,-7.22767829327708,-7.2,0.16
