#MJD,flux_target_1d,flux_target_2d
58487.4999537037,-7.006123085058789,-6.4698003017969175
58844.4999537037,-6.4698003017969175,-7.005243055412372
59054.4999537037,-7.005243055412372,-6.404503778174426
59264.4999537037,-6.404503778174426,-7.048176964684088
59586.4999537037,-7.048176964684088,-7.017276612331455
59782.4999537037,-7.017276612331455,-6.568636235841013
