#MJD,index_lag_1,index_lag_2,index_lag_3,index_lag_4,index_lag_5,index_lag_6,index_rolling_mean_7,index_rolling_std_7,flux_lag_1,flux_lag_2,flux_lag_3,flux_lag_4,flux_lag_5,flux_lag_6,flux_rolling_mean_7,flux_rolling_std_7
57304.49996527778,4.91,7.12,3.09,3.25,6.8,2.77,5.0,1.99,-7.006563769502388,-7.0675262353228465,-6.939302159646388,-7.028724151261895,-7.016373712875465,-7.034798298974088,-7.0,0.06
57339.49996527778,7.07,4.91,7.12,3.09,3.25,6.8,5.13,1.85,-6.896196279044043,-7.006563769502388,-7.0675262353228465,-6.939302159646388,-7.028724151261895,-7.016373712875465,-6.98,0.06
57850.4999537037,3.65,7.07,4.91,7.12,3.09,3.25,4.74,1.71,-6.924453038607469,-6.896196279044043,-7.006563769502388,-7.0675262353228465,-6.939302159646388,-7.028724151261895,-6.99,0.07
58025.4999537037,4.12,3.65,7.07,4.91,7.12,3.09,4.71,1.75,-7.054039296422431,-6.924453038607469,-6.896196279044043,-7.006563769502388,-7.0675262353228465,-6.939302159646388,-7.0,0.08
59012.4999537037,3.03,4.12,3.65,7.07,4.91,7.12,4.78,1.69,-7.094743951251549,-7.054039296422431,-6.924453038607469,-6.896196279044043,-7.006563769502388,-7.0675262353228465,-6.99,0.08
59383.4999537037,3.53,3.03,4.12,3.65,7.07,4.91,4.15,1.47,-6.913640169325252,-7.094743951251549,-7.054039296422431,-6.924453038607469,-6.896196279044043,-7.006563769502388,-7.0,0.09
60069.4999537037,2.75,3.53,3.03,4.12,3.65,7.07,4.88,2.67,-7.094204119632131,-6.913640169325252,-7.094743951251549,-7.054039296422431,-6.924453038607469,-6.896196279044043,-5.07,5.11
60342.4999537037,10.0,2.75,3.53,3.03,4.12,3.65,4.57,2.5,6.515873843711679,-7.094204119632131,-6.913640169325252,-7.094743951251549,-7.054039296422431,-6.924453038607469,-5.07,5.11
