#MJD,flux_lag_1,flux_lag_2,flux_lag_3,flux_lag_4,flux_lag_5,flux_lag_6,flux_rolling_mean_7,flux_rolling_std_7,index_lag_1,index_lag_2,index_lag_3,index_lag_4,index_lag_5,index_lag_6,index_rolling_mean_7,index_rolling_std_7
59411.4999537037,-7.103473782510445,-7.171984935776023,-7.062482107982653,-7.140861702705469,-6.939302159646388,-7.122628654130226,-7.09,0.08,8.15,2.86,3.22,2.95,2.94,3.63,4.61,2.55
59425.4999537037,-7.098541678603888,-7.103473782510445,-7.171984935776023,-7.062482107982653,-7.140861702705469,-6.939302159646388,-7.09,0.08,8.49,8.15,2.86,3.22,2.95,2.94,4.4,2.7
59474.4999537037,-7.147520006363144,-7.098541678603888,-7.103473782510445,-7.171984935776023,-7.062482107982653,-7.140861702705469,-7.12,0.04,2.19,8.49,8.15,2.86,3.22,2.95,4.39,2.71
59628.4999537037,-7.115204636051019,-7.147520006363144,-7.098541678603888,-7.103473782510445,-7.171984935776023,-7.062482107982653,-7.03,0.22,2.86,2.19,8.49,8.15,2.86,3.22,4.32,2.76
59957.4999537037,-6.540607512240769,-7.115204636051019,-7.147520006363144,-7.098541678603888,-7.103473782510445,-7.171984935776023,-7.03,0.22,2.45,2.86,2.19,8.49,8.15,2.86,4.63,2.74
60202.4999537037,-7.0,-6.540607512240769,-7.115204636051019,-7.147520006363144,-7.098541678603888,-7.103473782510445,-7.01,0.21,5.42,2.45,2.86,2.19,8.49,8.15,5.27,2.78
