#MJD,flux_target_1d,flux_target_2d
58592.4999537037,-6.935542010773082,-6.943095148663527
59873.4999537037,-6.943095148663527,-6.935542010773082
59957.4999537037,-6.935542010773082,-6.718966632752273
60202.4999537037,-6.718966632752273,-6.815308569182402
