#MJD,flux_lag_1,flux_lag_2,flux_lag_3,flux_lag_4,flux_lag_5,flux_lag_6,flux_rolling_mean_7,flux_rolling_std_7,index_lag_1,index_lag_2,index_lag_3,index_lag_4,index_lag_5,index_lag_6,index_rolling_mean_7,index_rolling_std_7
56093.49998842592,-7.1944991418416,-7.346787486224656,-7.305394801066432,-7.153662887870195,-7.1432711096171175,-7.06398920428479,-7.24,0.14,3.55,2.88,2.62,3.62,6.33,3.53,3.57,1.31
56387.499976851854,-7.449771646944906,-7.1944991418416,-7.346787486224656,-7.305394801066432,-7.153662887870195,-7.1432711096171175,-7.25,0.12,2.45,3.55,2.88,2.62,3.62,6.33,3.72,1.36
58494.4999537037,-7.135488918941608,-7.449771646944906,-7.1944991418416,-7.346787486224656,-7.305394801066432,-7.153662887870195,-7.29,0.13,4.59,2.45,3.55,2.88,2.62,3.62,3.18,0.78
58767.4999537037,-7.410050398674293,-7.135488918941608,-7.449771646944906,-7.1944991418416,-7.346787486224656,-7.305394801066432,-7.28,0.13,2.52,4.59,2.45,3.55,2.88,2.62,3.57,1.44
58851.4999537037,-7.108462542327436,-7.410050398674293,-7.135488918941608,-7.449771646944906,-7.1944991418416,-7.346787486224656,-7.27,0.13,6.35,2.52,4.59,2.45,3.55,2.88,4.08,1.68
59145.4999537037,-7.270025714300444,-7.108462542327436,-7.410050398674293,-7.135488918941608,-7.449771646944906,-7.1944991418416,-7.28,0.14,6.25,6.35,2.52,4.59,2.45,3.55,3.99,1.77
59649.4999537037,-7.410050398674293,-7.270025714300444,-7.108462542327436,-7.410050398674293,-7.135488918941608,-7.449771646944906,-7.3,0.14,2.24,6.25,6.35,2.52,4.59,2.45,3.88,1.83
