#MJD,index_target_1d,index_target_2d
57402.49996527778,4.77,3.75
57689.49996527778,3.75,3.46
58298.4999537037,3.46,2.95
58403.4999537037,2.95,4.76
58634.4999537037,4.76,4.18
58669.4999537037,4.18,4.56
59005.4999537037,4.56,3.16
59124.4999537037,3.16,3.34
59159.4999537037,3.34,3.14
59362.4999537037,3.14,2.62
59530.4999537037,2.62,4.87
