#MJD,index_target_1d,index_target_2d
56765.499976851854,2.74,2.95
56835.499976851854,2.95,3.32
56919.499976851854,3.32,6.91
56954.499976851854,6.91,7.76
56961.499976851854,7.76,4.43
58396.4999537037,4.43,7.45
59124.4999537037,7.45,5.0
59516.4999537037,5.0,2.45
59901.4999537037,2.45,6.2
