#MJD,flux_target_1d,flux_target_2d
56135.499976851854,-6.841637507904751,-6.87942606879415
56163.499976851854,-6.87942606879415,-6.801342913045577
56653.499976851854,-6.801342913045577,-6.863279432843593
57087.499976851854,-6.863279432843593,-6.913640169325252
57633.49996527778,-6.913640169325252,-6.876148359032914
58732.4999537037,-6.876148359032914,-6.924453038607469
59187.4999537037,-6.924453038607469,-6.801342913045577
59950.4999537037,-6.801342913045577,-6.882728704344236
60433.4999537037,-6.882728704344236,-6.954677021213342
