#MJD,index_lag_1,index_lag_2,index_lag_3,index_lag_4,index_lag_5,index_lag_6,index_rolling_mean_7,index_rolling_std_7,flux_lag_1,flux_lag_2,flux_lag_3,flux_lag_4,flux_lag_5,flux_lag_6,flux_rolling_mean_7,flux_rolling_std_7
57955.4999537037,2.5,7.01,7.88,3.2,2.86,7.65,5.4,2.42,-6.87942606879415,-7.083019952679618,-6.844663962534939,-6.987162775294828,-6.838631997765025,-7.120330794367947,-6.96,0.11
59089.4999537037,6.71,2.5,7.01,7.88,3.2,2.86,5.11,2.22,-6.987162775294828,-6.87942606879415,-7.083019952679618,-6.844663962534939,-6.987162775294828,-6.838631997765025,-6.96,0.11
59215.4999537037,5.63,6.71,2.5,7.01,7.88,3.2,5.14,2.19,-7.098541678603888,-6.987162775294828,-6.87942606879415,-7.083019952679618,-6.844663962534939,-6.987162775294828,-6.98,0.09
