#MJD,index_target_1d,index_target_2d
56947.499976851854,2.41,2.35
56961.499976851854,2.35,2.09
56989.499976851854,2.09,2.01
56996.499976851854,2.01,2.35
57003.499976851854,2.35,2.1
57010.499976851854,2.1,2.22
57024.499976851854,2.22,2.11
57038.499976851854,2.11,3.24
57073.499976851854,3.24,3.64
57472.49996527778,3.64,2.52
57878.4999537037,2.52,5.45
57934.4999537037,5.45,6.55
58158.4999537037,6.55,8.55
58193.4999537037,8.55,3.7
58774.4999537037,3.7,3.55
59173.4999537037,3.55,5.28
