#MJD,flux_lag_1,flux_lag_2,flux_lag_3,flux_lag_4,flux_lag_5,flux_lag_6,flux_rolling_mean_7,flux_rolling_std_7,index_lag_1,index_lag_2,index_lag_3,index_lag_4,index_lag_5,index_lag_6,index_rolling_mean_7,index_rolling_std_7
58361.4999537037,-2.774690718274137,-6.91721462968355,-6.806875401645539,-6.920818753952375,-6.876148359032914,-6.8297382846050425,-5.29,2.83,5.5,5.78,4.21,4.64,3.19,2.8,5.16,2.4
58732.4999537037,0.10380372095595687,-2.774690718274137,-6.91721462968355,-6.806875401645539,-6.920818753952375,-6.876148359032914,-4.88,2.77,10.0,5.5,5.78,4.21,4.64,3.19,5.26,2.3
59579.4999537037,-3.9430951486635273,0.10380372095595687,-2.774690718274137,-6.91721462968355,-6.806875401645539,-6.920818753952375,-4.87,2.77,3.48,10.0,5.5,5.78,4.21,4.64,5.49,2.13
60167.4999537037,-6.806875401645539,-3.9430951486635273,0.10380372095595687,-2.774690718274137,-6.91721462968355,-6.806875401645539,-4.86,2.76,4.82,3.48,10.0,5.5,5.78,4.21,5.3,2.28
