#MJD,index_target_1d,index_target_2d
55344.49998842592,3.83,2.74
55470.49998842592,2.74,2.32
55498.49998842592,2.32,4.37
55533.49998842592,4.37,5.18
56198.499976851854,5.18,4.44
56289.499976851854,4.44,3.37
56478.499976851854,3.37,4.52
57213.49996527778,4.52,3.58
57556.49996527778,3.58,3.17
57563.49996527778,3.17,3.07
57906.4999537037,3.07,6.74
58004.4999537037,6.74,3.79
58081.4999537037,3.79,4.64
58557.4999537037,4.64,10.0
59229.4999537037,10.0,7.71
59936.4999537037,7.71,4.48
