#MJD,index_lag_1,index_lag_2,index_lag_3,index_lag_4,index_lag_5,index_lag_6,index_rolling_mean_7,index_rolling_std_7,flux_lag_1,flux_lag_2,flux_lag_3,flux_lag_4,flux_lag_5,flux_lag_6,flux_rolling_mean_7,flux_rolling_std_7
56513.499976851854,6.96,3.46,4.62,4.32,4.79,4.67,4.82,1.06,-6.812479279163537,-6.920818753952375,-7.072116589669293,-6.943095148663527,-7.1555228242543185,-7.226945306635737,-7.01,0.14
56814.499976851854,4.93,6.96,3.46,4.62,4.32,4.79,5.03,1.17,-6.962573502059376,-6.812479279163537,-6.920818753952375,-7.072116589669293,-6.943095148663527,-7.1555228242543185,-7.01,0.14
57563.49996527778,6.15,4.93,6.96,3.46,4.62,4.32,4.89,1.26,-7.192464971931146,-6.962573502059376,-6.812479279163537,-6.920818753952375,-7.072116589669293,-6.943095148663527,-7.01,0.13
57955.4999537037,3.79,6.15,4.93,6.96,3.46,4.62,5.12,1.29,-7.139063379299906,-7.192464971931146,-6.962573502059376,-6.812479279163537,-6.920818753952375,-7.072116589669293,-7.02,0.13
58480.4999537037,5.95,3.79,6.15,4.93,6.96,3.46,4.95,1.44,-7.018634490921456,-7.139063379299906,-7.192464971931146,-6.962573502059376,-6.812479279163537,-6.920818753952375,-7.02,0.13
59243.4999537037,3.42,5.95,3.79,6.15,4.93,6.96,5.07,1.32,-7.061480274823508,-7.018634490921456,-7.139063379299906,-7.192464971931146,-6.962573502059376,-6.812479279163537,-7.05,0.13
59271.4999537037,4.32,3.42,5.95,3.79,6.15,4.93,4.52,1.21,-7.1444808443322,-7.061480274823508,-7.018634490921456,-7.139063379299906,-7.192464971931146,-6.962573502059376,-7.08,0.08
