#MJD,index_lag_1,index_lag_2,index_lag_3,index_lag_4,index_lag_5,index_lag_6,index_rolling_mean_7,index_rolling_std_7,flux_lag_1,flux_lag_2,flux_lag_3,flux_lag_4,flux_lag_5,flux_lag_6,flux_rolling_mean_7,flux_rolling_std_7
58326.4999537037,6.15,3.16,7.03,2.7,4.57,4.06,4.29,1.76,-6.696803942579511,-6.995678626217358,-6.835647144215563,-6.97061622231479,-6.939302159646388,-7.083019952679618,-6.94,0.13
59418.4999537037,2.38,6.15,3.16,7.03,2.7,4.57,4.66,1.96,-7.043351420794797,-6.696803942579511,-6.995678626217358,-6.835647144215563,-6.97061622231479,-6.939302159646388,-6.91,0.12
60363.4999537037,6.65,2.38,6.15,3.16,7.03,2.7,5.0,2.14,-6.913640169325252,-7.043351420794797,-6.696803942579511,-6.995678626217358,-6.835647144215563,-6.97061622231479,-6.69,0.59
60496.4999537037,6.96,6.65,2.38,6.15,3.16,7.03,4.95,2.21,-5.391473966422806,-6.913640169325252,-7.043351420794797,-6.696803942579511,-6.995678626217358,-6.835647144215563,-6.71,0.6
