#MJD,flux_lag_1,flux_lag_2,flux_lag_3,flux_lag_4,flux_lag_5,flux_lag_6,flux_rolling_mean_7,flux_rolling_std_7,index_lag_1,index_lag_2,index_lag_3,index_lag_4,index_lag_5,index_lag_6,index_rolling_mean_7,index_rolling_std_7
57395.49996527778,-7.096910013008056,-7.042871802323187,-6.94692155651658,-6.982966660701219,-7.015472686656207,-6.962573502059376,-7.01,0.05,3.27,7.93,4.92,5.92,5.91,4.56,5.57,1.49
58711.4999537037,-7.020451625295905,-7.096910013008056,-7.042871802323187,-6.94692155651658,-6.982966660701219,-7.015472686656207,-7.02,0.05,6.46,3.27,7.93,4.92,5.92,5.91,5.34,1.76
58879.4999537037,-7.060480747381382,-7.020451625295905,-7.096910013008056,-7.042871802323187,-6.94692155651658,-6.982966660701219,-7.02,0.05,3.0,6.46,3.27,7.93,4.92,5.92,5.36,1.76
58928.4999537037,-7.017276612331455,-7.060480747381382,-7.020451625295905,-7.096910013008056,-7.042871802323187,-6.94692155651658,-7.04,0.05,5.99,3.0,6.46,3.27,7.93,4.92,5.03,1.85
