#MJD,flux_lag_1,flux_lag_2,flux_lag_3,flux_lag_4,flux_lag_5,flux_lag_6,flux_rolling_mean_7,flux_rolling_std_7,index_lag_1,index_lag_2,index_lag_3,index_lag_4,index_lag_5,index_lag_6,index_rolling_mean_7,index_rolling_std_7
56765.499976851854,-6.982966660701219,-6.995678626217358,-7.036212172654444,-6.97469413473523,-6.872895201635193,-6.844663962534939,-6.95,0.07,2.67,4.85,6.08,3.46,3.95,2.46,3.89,1.26
56835.499976851854,-6.97061622231479,-6.982966660701219,-6.995678626217358,-7.036212172654444,-6.97469413473523,-6.872895201635193,-6.98,0.06,3.78,2.67,4.85,6.08,3.46,3.95,3.93,1.21
56919.499976851854,-7.050122295963125,-6.97061622231479,-6.982966660701219,-6.995678626217358,-7.036212172654444,-6.97469413473523,-7.0,0.03,2.74,3.78,2.67,4.85,6.08,3.46,3.79,1.26
56954.499976851854,-7.0030507515046185,-7.050122295963125,-6.97061622231479,-6.982966660701219,-6.995678626217358,-7.036212172654444,-7.02,0.04,2.95,2.74,3.78,2.67,4.85,6.08,3.77,1.27
56961.499976851854,-7.096367483915762,-7.0030507515046185,-7.050122295963125,-6.97061622231479,-6.982966660701219,-6.995678626217358,-7.01,0.04,3.32,2.95,2.74,3.78,2.67,4.85,3.89,1.53
58396.4999537037,-6.987162775294828,-7.096367483915762,-7.0030507515046185,-7.050122295963125,-6.97061622231479,-6.982966660701219,-7.03,0.05,6.91,3.32,2.95,2.74,3.78,2.67,4.3,2.12
59124.4999537037,-7.087777943467585,-6.987162775294828,-7.096367483915762,-7.0030507515046185,-7.050122295963125,-6.97061622231479,-7.01,0.09,7.76,6.91,3.32,2.95,2.74,3.78,4.56,1.99
59516.4999537037,-6.847711655616943,-7.087777943467585,-6.987162775294828,-7.096367483915762,-7.0030507515046185,-7.050122295963125,-7.01,0.08,4.43,7.76,6.91,3.32,2.95,2.74,5.08,2.22
59901.4999537037,-7.0301183562535,-6.847711655616943,-7.087777943467585,-6.987162775294828,-7.096367483915762,-7.0030507515046185,-7.01,0.08,7.45,4.43,7.76,6.91,3.32,2.95,5.4,1.98
