#MJD,index_lag_1,index_lag_2,index_lag_3,index_lag_4,index_lag_5,index_lag_6,index_rolling_mean_7,index_rolling_std_7,flux_lag_1,flux_lag_2,flux_lag_3,flux_lag_4,flux_lag_5,flux_lag_6,flux_rolling_mean_7,flux_rolling_std_7
55687.49998842592,2.43,5.0,5.0,3.6,4.58,3.11,3.91,0.98,-7.258848401148215,-7.147520006363144,-6.924453038607469,-6.991399828238082,-6.97469413473523,-7.096367483915762,-7.07,0.11
55694.49998842592,3.65,2.43,5.0,5.0,3.6,4.58,3.88,1.02,-7.084072788302884,-7.258848401148215,-7.147520006363144,-6.924453038607469,-6.991399828238082,-6.97469413473523,-7.08,0.12
55932.49998842592,2.87,3.65,2.43,5.0,5.0,3.6,3.94,1.08,-7.197226274708024,-7.084072788302884,-7.258848401148215,-7.147520006363144,-6.924453038607469,-6.991399828238082,-7.08,0.13
56331.499976851854,5.0,2.87,3.65,2.43,5.0,5.0,4.14,1.14,-6.943095148663527,-7.197226274708024,-7.084072788302884,-7.258848401148215,-7.147520006363144,-6.924453038607469,-7.08,0.13
56842.499976851854,5.0,5.0,2.87,3.65,2.43,5.0,3.97,1.07,-7.031984286006359,-6.943095148663527,-7.197226274708024,-7.084072788302884,-7.258848401148215,-7.147520006363144,-7.12,0.11
57542.49996527778,3.85,5.0,5.0,2.87,3.65,2.43,3.8,0.97,-7.189767482004916,-7.031984286006359,-6.943095148663527,-7.197226274708024,-7.084072788302884,-7.258848401148215,-7.11,0.11
57892.4999537037,3.8,3.85,5.0,5.0,2.87,3.65,3.91,0.82,-7.097453220686009,-7.189767482004916,-7.031984286006359,-6.943095148663527,-7.197226274708024,-7.084072788302884,-7.1,0.09
58032.4999537037,3.19,3.8,3.85,5.0,5.0,2.87,3.89,0.83,-7.1778319206319825,-7.097453220686009,-7.189767482004916,-7.031984286006359,-6.943095148663527,-7.197226274708024,-7.11,0.1
