#MJD,index_target_1d,index_target_2d
57164.499976851854,6.62,5.4
57556.49996527778,5.4,3.64
57850.4999537037,3.64,4.4
58487.4999537037,4.4,7.45
58501.4999537037,7.45,3.21
58578.4999537037,3.21,10.0
58893.4999537037,10.0,3.13
59817.4999537037,3.13,3.43
60027.4999537037,3.43,2.96
60202.4999537037,2.96,3.66
60370.4999537037,3.66,3.54
60398.4999537037,3.54,1.88
60923.4999537037,1.88,4.01
