#MJD,flux_target_1d,flux_target_2d
56443.499976851854,-6.801342913045577,-6.991399828238082
56639.499976851854,-6.991399828238082,-6.966576244513051
56807.499976851854,-6.966576244513051,-6.924453038607469
56835.499976851854,-6.924453038607469,-6.94692155651658
56926.499976851854,-6.94692155651658,-6.703334809738469
58025.4999537037,-6.703334809738469,-6.950781977329818
58235.4999537037,-6.950781977329818,-6.950781977329818
59628.4999537037,-6.950781977329818,-7.025028005701931
