#MJD,index_target_1d,index_target_2d
57605.49996527778,9.83,3.19
57689.49996527778,3.19,5.06
57815.4999537037,5.06,4.29
57871.4999537037,4.29,3.03
57934.4999537037,3.03,4.09
58151.4999537037,4.09,3.15
58718.4999537037,3.15,3.91
58914.4999537037,3.91,8.86
59411.4999537037,8.86,4.52
59992.4999537037,4.52,3.41
60006.4999537037,3.41,3.84
60181.4999537037,3.84,5.75
