#MJD,index_target_1d,index_target_2d
57997.4999537037,1.87,10.0
58102.4999537037,10.0,3.03
58256.4999537037,3.03,5.68
59369.4999537037,5.68,4.49
