#MJD,index_target_1d,index_target_2d
58347.4999537037,2.55,3.74
58697.4999537037,3.74,3.43
58900.4999537037,3.43,3.83
59019.4999537037,3.83,3.16
59313.4999537037,3.16,2.54
59530.4999537037,2.54,3.5
59579.4999537037,3.5,2.43
59782.4999537037,2.43,2.42
59915.4999537037,2.42,2.38
60405.4999537037,2.38,2.94
60426.4999537037,2.94,3.23
60454.4999537037,3.23,5.23
