#MJD,index_target_1d,index_target_2d
55939.49998842592,5.48,4.46
56989.499976851854,4.46,3.36
57213.49996527778,3.36,3.24
58270.4999537037,3.24,3.27
58585.4999537037,3.27,3.32
59355.4999537037,3.32,10.0
59579.4999537037,10.0,2.94
59705.4999537037,2.94,2.76
59726.4999537037,2.76,2.7
