#MJD,index_target_1d,index_target_2d
57584.49996527778,3.68,2.99
57955.4999537037,2.99,2.86
57976.4999537037,2.86,2.92
58067.4999537037,2.92,3.72
59467.4999537037,3.72,8.15
59894.4999537037,8.15,4.52
59999.4999537037,4.52,3.85
60083.4999537037,3.85,4.76
60132.4999537037,4.76,3.34
60174.4999537037,3.34,4.17
