#MJD,index_lag_1,index_lag_2,index_lag_3,index_lag_4,index_lag_5,index_lag_6,index_rolling_mean_7,index_rolling_std_7,flux_lag_1,flux_lag_2,flux_lag_3,flux_lag_4,flux_lag_5,flux_lag_6,flux_rolling_mean_7,flux_rolling_std_7
57493.49996527778,3.14,5.0,3.77,5.0,4.36,3.08,3.95,0.84,-7.465973893943865,-7.150580586203101,-7.13608262304214,-7.066006836168758,-7.223298816011589,-7.39040559077478,-7.23,0.15
58186.4999537037,3.27,3.14,5.0,3.77,5.0,4.36,4.02,0.77,-7.16304326294045,-7.465973893943865,-7.150580586203101,-7.13608262304214,-7.066006836168758,-7.223298816011589,-7.22,0.14
58697.4999537037,3.62,3.27,3.14,5.0,3.77,5.0,3.81,0.87,-7.3448615651886175,-7.16304326294045,-7.465973893943865,-7.150580586203101,-7.13608262304214,-7.066006836168758,-7.25,0.15
58739.4999537037,2.87,3.62,3.27,3.14,5.0,3.77,3.81,0.87,-7.396855627379818,-7.3448615651886175,-7.16304326294045,-7.465973893943865,-7.150580586203101,-7.13608262304214,-7.24,0.16
59873.4999537037,5.0,2.87,3.62,3.27,3.14,5.0,3.95,0.94,-7.023191662661934,-7.396855627379818,-7.3448615651886175,-7.16304326294045,-7.465973893943865,-7.150580586203101,-7.16,0.31
60034.4999537037,4.76,5.0,2.87,3.62,3.27,3.14,3.88,0.86,-6.54515513999149,-7.023191662661934,-7.396855627379818,-7.3448615651886175,-7.16304326294045,-7.465973893943865,-7.15,0.31
60419.4999537037,4.5,4.76,5.0,2.87,3.62,3.27,3.98,0.8,-7.139661993429006,-6.54515513999149,-7.023191662661934,-7.396855627379818,-7.3448615651886175,-7.16304326294045,-7.12,0.28
