#MJD,index_target_1d,index_target_2d
57689.49996527778,3.35,3.96
57710.49996527778,3.96,3.34
57871.4999537037,3.34,2.62
57976.4999537037,2.62,3.98
