#MJD,index_target_1d,index_target_2d
58193.4999537037,2.14,2.18
59292.4999537037,2.18,2.22
59691.4999537037,2.22,2.35
59698.4999537037,2.35,2.15
59726.4999537037,2.15,2.35
59733.4999537037,2.35,2.14
