#MJD,index_target_1d,index_target_2d
57101.499976851854,7.53,7.19
57199.499976851854,7.19,4.88
57703.49996527778,4.88,7.19
57836.4999537037,7.19,3.05
57857.4999537037,3.05,2.7
57892.4999537037,2.7,2.44
58158.4999537037,2.44,2.64
58193.4999537037,2.64,3.27
58368.4999537037,3.27,7.72
58431.4999537037,7.72,3.47
58795.4999537037,3.47,5.84
59187.4999537037,5.84,4.75
59355.4999537037,4.75,4.57
59978.4999537037,4.57,5.47
60041.4999537037,5.47,3.0
60083.4999537037,3.0,6.25
60559.4999537037,6.25,4.41
