#MJD,index_target_1d,index_target_2d
57528.49996527778,2.3,3.04
57682.49996527778,3.04,3.57
59096.4999537037,3.57,2.38
59439.4999537037,2.38,1.81
59481.4999537037,1.81,3.76
59628.4999537037,3.76,5.6
60412.4999537037,5.6,3.56
60706.4999537037,3.56,3.29
