#MJD,index_target_1d,index_target_2d
57948.4999537037,5.82,10.0
58137.4999537037,10.0,3.61
