#MJD,index_target_1d,index_target_2d
56828.499976851854,3.26,6.52
57150.499976851854,6.52,2.68
57304.49996527778,2.68,4.32
57570.49996527778,4.32,6.5
57689.49996527778,6.5,5.71
57983.4999537037,5.71,6.43
58011.4999537037,6.43,2.61
58249.4999537037,2.61,3.37
58557.4999537037,3.37,3.4
58599.4999537037,3.4,6.7
59131.4999537037,6.7,3.33
59159.4999537037,3.33,6.65
59222.4999537037,6.65,6.24
59411.4999537037,6.24,3.83
59474.4999537037,3.83,5.55
59845.4999537037,5.55,3.53
