#MJD,index_target_1d,index_target_2d
58522.4999537037,2.57,2.27
58900.4999537037,2.27,2.13
58984.4999537037,2.13,2.18
59166.4999537037,2.18,2.41
59201.4999537037,2.41,6.31
59208.4999537037,6.31,2.44
