#MJD,flux_target_1d,flux_target_2d
57892.4999537037,-7.0195421077238995,-6.928117992693875
59201.4999537037,-6.928117992693875,-6.962573502059376
59341.4999537037,-6.962573502059376,-6.958607314841775
59390.4999537037,-6.958607314841775,-7.129596094720973
60146.4999537037,-7.129596094720973,-7.122628654130226
60167.4999537037,-7.122628654130226,-7.048662481204082
60272.4999537037,-7.048662481204082,-7.083019952679618
60629.4999537037,-7.083019952679618,-6.97061622231479
