#MJD,index_target_1d,index_target_2d
56562.499976851854,7.67,4.65
56716.499976851854,4.65,3.13
56779.499976851854,3.13,4.01
58263.4999537037,4.01,4.25
58599.4999537037,4.25,6.45
58676.4999537037,6.45,3.91
59124.4999537037,3.91,6.61
59775.4999537037,6.61,8.92
60566.4999537037,8.92,2.38
