#MJD,index_target_1d,index_target_2d
56030.49998842592,2.99,3.63
56352.499976851854,3.63,3.68
56394.499976851854,3.68,2.55
56555.499976851854,2.55,2.6
56863.499976851854,2.6,2.99
57073.499976851854,2.99,4.1
57451.49996527778,4.1,2.98
57759.4999537037,2.98,2.17
58298.4999537037,2.17,3.84
58319.4999537037,3.84,2.76
58354.4999537037,2.76,2.65
58508.4999537037,2.65,2.44
59642.4999537037,2.44,2.52
59838.4999537037,2.52,5.0
60384.4999537037,5.0,2.06
60573.4999537037,2.06,2.51
