#MJD,flux_lag_1,flux_lag_2,flux_lag_3,flux_lag_4,flux_lag_5,flux_lag_6,flux_rolling_mean_7,flux_rolling_std_7,index_lag_1,index_lag_2,index_lag_3,index_lag_4,index_lag_5,index_lag_6,index_rolling_mean_7,index_rolling_std_7
55939.49998842592,-6.835647144215563,-6.872895201635193,-7.166852888087215,-7.14569395819892,-6.97469413473523,-7.0589857562944305,-7.01,0.13,4.12,3.68,2.7,3.28,5.26,3.02,3.92,1.05
56989.499976851854,-7.037157318798758,-6.835647144215563,-6.872895201635193,-7.166852888087215,-7.14569395819892,-6.97469413473523,-6.97,0.15,5.35,4.12,3.68,2.7,3.28,5.26,4.27,1.11
57213.49996527778,-6.772113295386326,-7.037157318798758,-6.835647144215563,-6.872895201635193,-7.166852888087215,-7.14569395819892,-7.0,0.18,5.48,5.35,4.12,3.68,2.7,3.28,4.15,1.03
58270.4999537037,-7.199282921717615,-6.772113295386326,-7.037157318798758,-6.835647144215563,-6.872895201635193,-7.166852888087215,-6.92,0.22,4.46,5.48,5.35,4.12,3.68,2.7,4.16,1.02
58585.4999537037,-6.580044251510242,-7.199282921717615,-6.772113295386326,-7.037157318798758,-6.835647144215563,-6.872895201635193,-6.88,0.2,3.36,4.46,5.48,5.35,4.12,3.68,4.24,0.91
59355.4999537037,-6.856985199745905,-6.580044251510242,-7.199282921717615,-6.772113295386326,-7.037157318798758,-6.835647144215563,-6.86,0.2,3.24,3.36,4.46,5.48,5.35,4.12,4.18,0.96
59579.4999537037,-6.7544873321858505,-6.856985199745905,-6.580044251510242,-7.199282921717615,-6.772113295386326,-7.037157318798758,-6.88,0.21,3.27,3.24,3.36,4.46,5.48,5.35,4.07,1.01
59705.4999537037,-6.987162775294828,-6.7544873321858505,-6.856985199745905,-6.580044251510242,-7.199282921717615,-6.772113295386326,-4.74,5.62,3.32,3.27,3.24,3.36,4.46,5.48,4.73,2.47
59726.4999537037,7.9898945637187735,-6.987162775294828,-6.7544873321858505,-6.856985199745905,-6.580044251510242,-7.199282921717615,-4.75,5.62,10.0,3.32,3.27,3.24,3.36,4.46,4.37,2.53
