#MJD,flux_target_1d,flux_target_2d
59978.4999537037,-7.124360062995832,-7.104025267640935
