#MJD,index_target_1d,index_target_2d
57549.49996527778,3.09,1.76
57948.4999537037,1.76,2.91
58326.4999537037,2.91,3.7
59215.4999537037,3.7,2.96
59306.4999537037,2.96,5.07
59397.4999537037,5.07,2.96
59404.4999537037,2.96,8.49
59425.4999537037,8.49,9.97
59894.4999537037,9.97,4.27
59922.4999537037,4.27,2.73
59978.4999537037,2.73,5.18
60034.4999537037,5.18,4.17
60384.4999537037,4.17,3.13
60958.4999537037,3.13,3.45
60972.4999537037,3.45,2.58
61000.4999537037,2.58,2.73
