#MJD,index_target_1d,index_target_2d
57787.4999537037,2.2,5.51
57794.4999537037,5.51,3.03
