#MJD,index_target_1d,index_target_2d
57381.49996527778,3.96,6.84
57437.49996527778,6.84,3.16
58312.4999537037,3.16,2.78
58648.4999537037,2.78,5.3
59222.4999537037,5.3,6.82
59257.4999537037,6.82,5.87
59411.4999537037,5.87,2.82
59600.4999537037,2.82,6.02
59754.4999537037,6.02,6.63
59999.4999537037,6.63,7.77
60349.4999537037,7.77,3.02
60370.4999537037,3.02,4.28
