#MJD,index_lag_1,index_lag_2,index_lag_3,index_lag_4,index_lag_5,index_lag_6,index_rolling_mean_7,index_rolling_std_7,flux_lag_1,flux_lag_2,flux_lag_3,flux_lag_4,flux_lag_5,flux_lag_6,flux_rolling_mean_7,flux_rolling_std_7
57360.49996527778,3.94,4.49,3.07,4.75,6.07,4.54,4.24,1.09,-7.028260409112222,-7.031050319018657,-6.903089986991944,-7.108462542327436,-6.924453038607469,-7.094204119632131,-7.03,0.08
58123.4999537037,2.84,3.94,4.49,3.07,4.75,6.07,4.22,1.09,-7.089375595110798,-7.028260409112222,-7.031050319018657,-6.903089986991944,-7.108462542327436,-6.924453038607469,-7.03,0.08
58193.4999537037,4.4,2.84,3.94,4.49,3.07,4.75,3.83,0.76,-7.102922996790579,-7.089375595110798,-7.028260409112222,-7.031050319018657,-6.903089986991944,-7.108462542327436,-6.99,0.17
58256.4999537037,3.29,4.4,2.84,3.94,4.49,3.07,3.71,0.65,-6.645891560852599,-7.102922996790579,-7.089375595110798,-7.028260409112222,-7.031050319018657,-6.903089986991944,-6.98,0.16
58403.4999537037,3.94,3.29,4.4,2.84,3.94,4.49,3.65,0.73,-7.079354998593212,-6.645891560852599,-7.102922996790579,-7.089375595110798,-7.028260409112222,-7.031050319018657,-7.01,0.16
59677.4999537037,2.66,3.94,3.29,4.4,2.84,3.94,3.88,1.17,-7.06198090252379,-7.079354998593212,-6.645891560852599,-7.102922996790579,-7.089375595110798,-7.028260409112222,-6.99,0.16
60083.4999537037,6.12,2.66,3.94,3.29,4.4,2.84,3.96,1.19,-6.91721462968355,-7.06198090252379,-7.079354998593212,-6.645891560852599,-7.102922996790579,-7.089375595110798,-6.99,0.17
60188.4999537037,4.48,6.12,2.66,3.94,3.29,4.4,4.08,1.1,-7.057991946977687,-6.91721462968355,-7.06198090252379,-7.079354998593212,-6.645891560852599,-7.102922996790579,-6.99,0.16
