#MJD,index_target_1d,index_target_2d
57388.49996527778,5.0,4.4
57465.49996527778,4.4,3.01
57500.49996527778,3.01,2.91
57906.4999537037,2.91,2.8
58088.4999537037,2.8,2.81
58102.4999537037,2.81,2.59
58144.4999537037,2.59,2.44
58165.4999537037,2.44,3.22
58214.4999537037,3.22,3.32
58235.4999537037,3.32,3.02
58501.4999537037,3.02,4.27
58508.4999537037,4.27,4.07
59131.4999537037,4.07,5.0
59544.4999537037,5.0,4.76
60293.4999537037,4.76,5.0
