#MJD,index_target_1d,index_target_2d
57360.49996527778,4.4,3.29
58123.4999537037,3.29,3.94
58193.4999537037,3.94,2.66
58256.4999537037,2.66,6.12
58403.4999537037,6.12,4.48
59677.4999537037,4.48,3.65
60083.4999537037,3.65,3.2
60188.4999537037,3.2,5.38
