#MJD,flux_target_1d,flux_target_2d
59957.4999537037,-7.2020403562628035,-6.4089353929735005
60447.4999537037,-6.4089353929735005,-7.302770657240282
