#MJD,index_target_1d,index_target_2d
56170.499976851854,2.91,5.11
56212.499976851854,5.11,2.62
56268.499976851854,2.62,4.37
57045.499976851854,4.37,4.2
57059.499976851854,4.2,4.82
57472.49996527778,4.82,3.72
58494.4999537037,3.72,4.03
59271.4999537037,4.03,4.06
