#MJD,index_lag_1,index_lag_2,index_lag_3,index_lag_4,index_lag_5,index_lag_6,index_rolling_mean_7,index_rolling_std_7,flux_lag_1,flux_lag_2,flux_lag_3,flux_lag_4,flux_lag_5,flux_lag_6,flux_rolling_mean_7,flux_rolling_std_7
59313.4999537037,1.76,1.79,1.86,1.87,2.11,2.08,1.93,0.14,-6.732828271596986,-6.749579997691106,-6.752026733638194,-6.669586226650809,-6.621602099051862,-6.721246399047171,-6.71,0.05
60055.4999537037,2.04,1.76,1.79,1.86,1.87,2.11,1.89,0.13,-6.694648630553377,-6.732828271596986,-6.749579997691106,-6.752026733638194,-6.669586226650809,-6.621602099051862,-6.71,0.05
