#MJD,flux_target_1d,flux_target_2d
56093.49998842592,-7.135488918941608,-7.410050398674293
56387.499976851854,-7.410050398674293,-7.108462542327436
58494.4999537037,-7.108462542327436,-7.270025714300444
58767.4999537037,-7.270025714300444,-7.410050398674293
58851.4999537037,-7.410050398674293,-7.325138859262188
59145.4999537037,-7.325138859262188,-7.444905551421681
59649.4999537037,-7.444905551421681,-7.224025668870631
