#MJD,index_lag_1,index_lag_2,index_lag_3,index_lag_4,index_lag_5,index_lag_6,index_rolling_mean_7,index_rolling_std_7,flux_lag_1,flux_lag_2,flux_lag_3,flux_lag_4,flux_lag_5,flux_lag_6,flux_rolling_mean_7,flux_rolling_std_7
58830.4999537037,3.5,1.22,3.04,3.94,2.87,2.98,3.22,1.15,-7.3655227298392685,-7.084072788302884,-7.284832642151542,-7.163675884293248,-7.286509456906058,-7.289036881004725,-7.24,0.09
58893.4999537037,5.0,3.5,1.22,3.04,3.94,2.87,3.27,1.15,-7.2020403562628035,-7.3655227298392685,-7.084072788302884,-7.284832642151542,-7.163675884293248,-7.286509456906058,-7.18,0.17
59005.4999537037,3.35,5.0,3.5,1.22,3.04,3.94,3.58,1.3,-6.863279432843593,-7.2020403562628035,-7.3655227298392685,-7.084072788302884,-7.284832642151542,-7.163675884293248,-7.18,0.16
59180.4999537037,5.0,3.35,5.0,3.5,1.22,3.04,3.54,1.29,-7.265200170411153,-6.863279432843593,-7.2020403562628035,-7.3655227298392685,-7.084072788302884,-7.284832642151542,-7.19,0.17
59306.4999537037,3.68,5.0,3.35,5.0,3.5,1.22,3.52,1.3,-7.291579099865287,-7.265200170411153,-6.863279432843593,-7.2020403562628035,-7.3655227298392685,-7.084072788302884,-7.21,0.19
59747.4999537037,2.89,3.68,5.0,3.35,5.0,3.5,3.78,0.87,-7.424812155072339,-7.291579099865287,-7.265200170411153,-6.863279432843593,-7.2020403562628035,-7.3655227298392685,-7.27,0.2
60391.4999537037,3.05,2.89,3.68,5.0,3.35,5.0,3.78,0.87,-7.443697499232713,-7.424812155072339,-7.291579099865287,-7.265200170411153,-6.863279432843593,-7.2020403562628035,-7.25,0.19
60489.4999537037,3.47,3.05,2.89,3.68,5.0,3.35,3.48,0.73,-7.236572006437063,-7.443697499232713,-7.424812155072339,-7.291579099865287,-7.265200170411153,-6.863279432843593,-7.27,0.19
60776.4999537037,2.95,3.47,3.05,2.89,3.68,5.0,3.72,0.92,-7.33161408331,-7.236572006437063,-7.443697499232713,-7.424812155072339,-7.291579099865287,-7.265200170411153,-7.33,0.08
