#MJD,index_lag_1,index_lag_2,index_lag_3,index_lag_4,index_lag_5,index_lag_6,index_rolling_mean_7,index_rolling_std_7,flux_lag_1,flux_lag_2,flux_lag_3,flux_lag_4,flux_lag_5,flux_lag_6,flux_rolling_mean_7,flux_rolling_std_7
57997.4999537037,2.2,2.66,5.62,4.82,5.69,7.45,4.36,2.07,-6.826813731587726,-7.018634490921456,-7.025949097207123,-7.0034883278458215,-6.991399828238082,-6.928117992693875,-6.95,0.09
58102.4999537037,2.11,2.2,2.66,5.62,4.82,5.69,3.57,1.73,-6.823908740944319,-6.826813731587726,-7.018634490921456,-7.025949097207123,-7.0034883278458215,-6.991399828238082,-6.88,0.2
58256.4999537037,1.87,2.11,2.2,2.66,5.62,4.82,4.18,2.95,-6.478861916295964,-6.823908740944319,-6.826813731587726,-7.018634490921456,-7.025949097207123,-7.0034883278458215,-5.62,3.3
59369.4999537037,10.0,1.87,2.11,2.2,2.66,5.62,3.93,2.96,1.866287339084195,-6.478861916295964,-6.823908740944319,-6.826813731587726,-7.018634490921456,-7.025949097207123,-5.59,3.29
