#MJD,index_target_1d,index_target_2d
55918.49998842592,2.59,3.06
56597.499976851854,3.06,1.53
56961.499976851854,1.53,2.13
57059.499976851854,2.13,5.0
57129.499976851854,5.0,3.55
57332.49996527778,3.55,5.0
57745.49996527778,5.0,4.17
58263.4999537037,4.17,5.0
58270.4999537037,5.0,2.83
59110.4999537037,2.83,3.7
59187.4999537037,3.7,3.92
