#MJD,index_lag_1,index_lag_2,index_lag_3,index_lag_4,index_lag_5,index_lag_6,index_rolling_mean_7,index_rolling_std_7,flux_lag_1,flux_lag_2,flux_lag_3,flux_lag_4,flux_lag_5,flux_lag_6,flux_rolling_mean_7,flux_rolling_std_7
57073.499976851854,4.32,2.83,2.65,4.83,3.47,3.3,3.67,0.82,-7.040481623027001,-7.218963061378868,-7.180456064458132,-7.089375595110798,-7.087246696328677,-7.231361898752385,-7.13,0.07
57087.499976851854,4.27,4.32,2.83,2.65,4.83,3.47,3.94,0.98,-7.096367483915762,-7.040481623027001,-7.218963061378868,-7.180456064458132,-7.089375595110798,-7.087246696328677,-7.13,0.07
57136.499976851854,5.19,4.27,4.32,2.83,2.65,4.83,3.87,1.03,-7.219682687859849,-7.096367483915762,-7.040481623027001,-7.218963061378868,-7.180456064458132,-7.089375595110798,-7.13,0.08
57206.49996527778,3.0,5.19,4.27,4.32,2.83,2.65,3.57,1.01,-7.05700040663396,-7.219682687859849,-7.096367483915762,-7.040481623027001,-7.218963061378868,-7.180456064458132,-7.12,0.09
57241.49996527778,2.74,3.0,5.19,4.27,4.32,2.83,3.72,0.92,-7.007446482167865,-7.05700040663396,-7.219682687859849,-7.096367483915762,-7.040481623027001,-7.218963061378868,-7.1,0.08
57423.49996527778,3.69,2.74,3.0,5.19,4.27,4.32,4.31,1.43,-7.094204119632131,-7.007446482167865,-7.05700040663396,-7.219682687859849,-7.096367483915762,-7.040481623027001,-7.09,0.07
59159.4999537037,6.94,3.69,2.74,3.0,5.19,4.27,4.39,1.45,-7.141462802430361,-7.094204119632131,-7.007446482167865,-7.05700040663396,-7.219682687859849,-7.096367483915762,-7.11,0.07
59194.4999537037,4.91,6.94,3.69,2.74,3.0,5.19,4.28,1.49,-7.131355561605174,-7.141462802430361,-7.094204119632131,-7.007446482167865,-7.05700040663396,-7.219682687859849,-7.12,0.07
59971.4999537037,3.46,4.91,6.94,3.69,2.74,3.0,3.96,1.5,-7.166215625343521,-7.131355561605174,-7.141462802430361,-7.094204119632131,-7.007446482167865,-7.05700040663396,-7.1,0.06
