#MJD,index_target_1d,index_target_2d
57395.49996527778,3.0,5.99
58711.4999537037,5.99,3.65
58879.4999537037,3.65,5.33
58928.4999537037,5.33,2.99
