#MJD,flux_target_1d,flux_target_2d
56478.499976851854,-7.028724151261895,-7.026872146400302
56499.499976851854,-7.026872146400302,-7.199970640755866
56646.499976851854,-7.199970640755866,-7.016373712875465
57619.49996527778,-7.016373712875465,-7.140261433802853
57913.4999537037,-7.140261433802853,-6.935542010773082
58144.4999537037,-6.935542010773082,-7.070581074285707
58599.4999537037,-7.070581074285707,-6.649751981665837
59208.4999537037,-6.649751981665837,-7.086186147616283
60594.4999537037,-7.086186147616283,6.753583058892906
