#MJD,index_target_1d,index_target_2d
56373.499976851854,3.34,4.43
56849.499976851854,4.43,3.6
56926.499976851854,3.6,3.49
57591.49996527778,3.49,3.38
57969.4999537037,3.38,2.82
58312.4999537037,2.82,3.36
58361.4999537037,3.36,4.05
58515.4999537037,4.05,5.99
58732.4999537037,5.99,6.37
59467.4999537037,6.37,4.67
59838.4999537037,4.67,3.82
60363.4999537037,3.82,3.72
60510.4999537037,3.72,2.39
60524.4999537037,2.39,4.79
