#MJD,index_target_1d,index_target_2d
56975.499976851854,3.35,2.82
57101.499976851854,2.82,3.38
57115.499976851854,3.38,3.26
57178.499976851854,3.26,2.42
57423.49996527778,2.42,4.64
57465.49996527778,4.64,3.54
57493.49996527778,3.54,2.67
57612.49996527778,2.67,2.29
57850.4999537037,2.29,4.45
57885.4999537037,4.45,2.12
57934.4999537037,2.12,2.07
58039.4999537037,2.07,2.12
58046.4999537037,2.12,4.26
58074.4999537037,4.26,3.32
59810.4999537037,3.32,3.68
