#MJD,flux_lag_1,flux_lag_2,flux_lag_3,flux_lag_4,flux_lag_5,flux_lag_6,flux_rolling_mean_7,flux_rolling_std_7,index_lag_1,index_lag_2,index_lag_3,index_lag_4,index_lag_5,index_lag_6,index_rolling_mean_7,index_rolling_std_7
56170.499976851854,-7.079876673709276,-7.0915149811213505,-7.081445469449727,-7.097453220686009,-7.05700040663396,-6.987162775294828,-7.07,0.04,4.2,3.65,3.34,6.34,2.75,3.41,3.89,1.16
56212.499976851854,-7.078313524516398,-7.079876673709276,-7.0915149811213505,-7.081445469449727,-7.097453220686009,-7.05700040663396,-7.08,0.01,3.57,4.2,3.65,3.34,6.34,2.75,3.82,1.21
56268.499976851854,-7.0670191780768015,-7.078313524516398,-7.079876673709276,-7.0915149811213505,-7.081445469449727,-7.097453220686009,-7.08,0.02,2.91,3.57,4.2,3.65,3.34,6.34,4.16,1.19
57045.499976851854,-7.0301183562535,-7.0670191780768015,-7.078313524516398,-7.079876673709276,-7.0915149811213505,-7.081445469449727,-7.06,0.05,5.11,2.91,3.57,4.2,3.65,3.34,3.63,0.83
57059.499976851854,-6.958607314841775,-7.0301183562535,-7.0670191780768015,-7.078313524516398,-7.079876673709276,-7.0915149811213505,-7.06,0.05,2.62,5.11,2.91,3.57,4.2,3.65,3.78,0.86
57472.49996527778,-7.120904120499927,-6.958607314841775,-7.0301183562535,-7.0670191780768015,-7.078313524516398,-7.079876673709276,-7.05,0.06,4.37,2.62,5.11,2.91,3.57,4.2,3.85,0.87
58494.4999537037,-6.991399828238082,-7.120904120499927,-6.958607314841775,-7.0301183562535,-7.0670191780768015,-7.078313524516398,-7.03,0.06,4.2,4.37,2.62,5.11,2.91,3.57,3.94,0.94
59271.4999537037,-6.995678626217358,-6.991399828238082,-7.120904120499927,-6.958607314841775,-7.0301183562535,-7.0670191780768015,-7.03,0.05,4.82,4.2,4.37,2.62,5.11,2.91,3.96,0.93
