#MJD,index_target_1d,index_target_2d
56541.499976851854,3.85,3.09
56961.499976851854,3.09,4.74
57066.499976851854,4.74,2.64
57129.499976851854,2.64,3.88
57577.49996527778,3.88,5.29
57948.4999537037,5.29,5.58
58599.4999537037,5.58,2.96
58697.4999537037,2.96,3.76
58907.4999537037,3.76,4.4
59243.4999537037,4.4,3.49
59334.4999537037,3.49,2.98
59397.4999537037,2.98,2.89
59607.4999537037,2.89,5.24
59852.4999537037,5.24,3.24
60622.4999537037,3.24,5.68
60706.4999537037,5.68,4.52
