#MJD,index_target_1d,index_target_2d
57416.49996527778,1.17,4.13
58466.4999537037,4.13,4.2
58620.4999537037,4.2,2.14
59621.4999537037,2.14,3.3
59656.4999537037,3.3,2.85
