#MJD,flux_lag_1,flux_lag_2,flux_lag_3,flux_lag_4,flux_lag_5,flux_lag_6,flux_rolling_mean_7,flux_rolling_std_7,index_lag_1,index_lag_2,index_lag_3,index_lag_4,index_lag_5,index_lag_6,index_rolling_mean_7,index_rolling_std_7
56772.499976851854,-6.913640169325252,-6.835647144215563,-7.012333735073725,-6.8996294548824375,-7.020451625295905,-7.016824927962187,-6.95,0.07,3.16,4.08,2.89,5.88,6.13,6.34,5.16,1.8
56982.499976851854,-6.950781977329818,-6.913640169325252,-6.835647144215563,-7.012333735073725,-6.8996294548824375,-7.020451625295905,-6.94,0.06,7.66,3.16,4.08,2.89,5.88,6.13,4.61,1.96
57451.49996527778,-6.954677021213342,-6.950781977329818,-6.913640169325252,-6.835647144215563,-7.012333735073725,-6.8996294548824375,-6.94,0.06,2.47,7.66,3.16,4.08,2.89,5.88,4.21,1.89
58109.4999537037,-6.991399828238082,-6.954677021213342,-6.950781977329818,-6.913640169325252,-6.835647144215563,-7.012333735073725,-6.95,0.06,3.35,2.47,7.66,3.16,4.08,2.89,3.77,1.79
58249.4999537037,-6.97469413473523,-6.991399828238082,-6.954677021213342,-6.950781977329818,-6.913640169325252,-6.835647144215563,-6.9,0.12,2.78,3.35,2.47,7.66,3.16,4.08,4.04,1.78
58466.4999537037,-6.653647025549361,-6.97469413473523,-6.991399828238082,-6.954677021213342,-6.950781977329818,-6.913640169325252,-6.91,0.12,4.79,2.78,3.35,2.47,7.66,3.16,3.89,1.82
58781.4999537037,-6.950781977329818,-6.653647025549361,-6.97469413473523,-6.991399828238082,-6.954677021213342,-6.950781977329818,-6.9,0.12,3.02,4.79,2.78,3.35,2.47,7.66,3.88,1.82
59159.4999537037,-6.82102305270683,-6.950781977329818,-6.653647025549361,-6.97469413473523,-6.991399828238082,-6.954677021213342,-6.9,0.12,3.12,3.02,4.79,2.78,3.35,2.47,3.42,0.86
59726.4999537037,-6.935542010773082,-6.82102305270683,-6.950781977329818,-6.653647025549361,-6.97469413473523,-6.991399828238082,-6.89,0.12,4.44,3.12,3.02,4.79,2.78,3.35,3.82,0.98
