#MJD,index_target_1d,index_target_2d
56044.49998842592,4.28,3.12
56086.49998842592,3.12,3.29
56156.499976851854,3.29,2.72
57381.49996527778,2.72,2.95
57689.49996527778,2.95,3.56
57787.4999537037,3.56,4.71
58032.4999537037,4.71,3.12
58389.4999537037,3.12,3.34
58802.4999537037,3.34,2.6
59026.4999537037,2.6,3.27
59110.4999537037,3.27,2.85
