#MJD,index_lag_1,index_lag_2,index_lag_3,index_lag_4,index_lag_5,index_lag_6,index_rolling_mean_7,index_rolling_std_7,flux_lag_1,flux_lag_2,flux_lag_3,flux_lag_4,flux_lag_5,flux_lag_6,flux_rolling_mean_7,flux_rolling_std_7
55064.49998842592,4.56,2.97,2.6,1.87,2.03,2.26,2.68,0.91,-6.931814138253839,-6.954677021213342,-7.138465589140962,-7.014573525916998,-6.913640169325252,-7.016373712875465,-7.02,0.1
55190.49998842592,2.45,4.56,2.97,2.6,1.87,2.03,2.67,0.91,-7.157390760389438,-6.931814138253839,-6.954677021213342,-7.138465589140962,-7.014573525916998,-6.913640169325252,-7.04,0.11
56772.499976851854,2.24,2.45,4.56,2.97,2.6,1.87,3.24,1.48,-7.13608262304214,-7.157390760389438,-6.931814138253839,-6.954677021213342,-7.138465589140962,-7.014573525916998,-7.06,0.09
58403.4999537037,5.96,2.24,2.45,4.56,2.97,2.6,3.56,1.38,-7.090443970758825,-7.13608262304214,-7.157390760389438,-6.931814138253839,-6.954677021213342,-7.138465589140962,-7.08,0.1
58970.4999537037,4.16,5.96,2.24,2.45,4.56,2.97,3.54,1.39,-7.153662887870195,-7.090443970758825,-7.13608262304214,-7.157390760389438,-6.931814138253839,-6.954677021213342,-7.07,0.09
59180.4999537037,2.45,4.16,5.96,2.24,2.45,4.56,3.55,1.39,-7.031050319018657,-7.153662887870195,-7.090443970758825,-7.13608262304214,-7.157390760389438,-6.931814138253839,-7.08,0.08
