#MJD,flux_target_1d,flux_target_2d
57297.49996527778,-6.621602099051862,-6.554395796726403
57465.49996527778,-6.554395796726403,-6.539102157243452
57472.49996527778,-6.539102157243452,-6.465973893943865
57479.49996527778,-6.465973893943865,-6.515700160653214
57486.49996527778,-6.515700160653214,-6.460923901207224
57493.49996527778,-6.460923901207224,-6.517126416391246
57500.49996527778,-6.517126416391246,-6.515700160653214
