#MJD,flux_target_1d,flux_target_2d
56037.49998842592,-7.018181392829336,-7.004803708402821
