#MJD,flux_target_1d,flux_target_2d
58522.4999537037,-6.876148359032914,-6.85078088734462
58900.4999537037,-6.85078088734462,-6.924453038607469
58984.4999537037,-6.924453038607469,-6.838631997765025
59166.4999537037,-6.838631997765025,-6.767003889607846
59201.4999537037,-6.767003889607846,-6.931814138253839
59208.4999537037,-6.931814138253839,-6.920818753952375
