#MJD,index_target_1d,index_target_2d
59957.4999537037,5.0,5.0
60447.4999537037,5.0,5.0
