#MJD,index_lag_1,index_lag_2,index_lag_3,index_lag_4,index_lag_5,index_lag_6,index_rolling_mean_7,index_rolling_std_7,flux_lag_1,flux_lag_2,flux_lag_3,flux_lag_4,flux_lag_5,flux_lag_6,flux_rolling_mean_7,flux_rolling_std_7
57290.49996527778,3.11,3.21,2.4,3.76,6.45,3.22,3.75,1.3,-7.196542884351586,-7.2247537402597635,-7.343901797987168,-7.0835460514500745,-7.08196966321512,-7.187755303199631,-7.19,0.09
58907.4999537037,4.09,3.11,3.21,2.4,3.76,6.45,3.76,1.3,-7.201349354554731,-7.196542884351586,-7.2247537402597635,-7.343901797987168,-7.0835460514500745,-7.08196966321512,-7.2,0.09
59208.4999537037,3.29,4.09,3.11,3.21,2.4,3.76,3.66,1.07,-7.247183568811729,-7.201349354554731,-7.196542884351586,-7.2247537402597635,-7.343901797987168,-7.0835460514500745,-7.22,0.08
59243.4999537037,5.77,3.29,4.09,3.11,3.21,2.4,3.62,1.07,-7.210419287835575,-7.247183568811729,-7.201349354554731,-7.196542884351586,-7.2247537402597635,-7.343901797987168,-7.23,0.06
60468.4999537037,3.44,5.77,3.29,4.09,3.11,3.21,3.75,0.95,-7.168770306132937,-7.210419287835575,-7.247183568811729,-7.201349354554731,-7.196542884351586,-7.2247537402597635,-7.22,0.04
