#MJD,flux_target_1d,flux_target_2d
56660.499976851854,-7.113509274827518,-6.906578314837765
56765.499976851854,-6.906578314837765,-7.115204636051019
56821.499976851854,-7.115204636051019,-7.115204636051019
57367.49996527778,-7.115204636051019,-7.217527375833714
57591.49996527778,-7.217527375833714,-7.166215625343521
57654.49996527778,-7.166215625343521,-7.121478204498794
