#MJD,flux_target_1d,flux_target_2d
58473.4999537037,-6.889410289700751,-6.82102305270683
58585.4999537037,-6.82102305270683,-6.872895201635193
