#MJD,flux_target_1d,flux_target_2d
56100.49998842592,-7.103473782510445,-7.200659450546419
56520.499976851854,-7.200659450546419,-7.045275209020937
56968.499976851854,-7.045275209020937,-7.095825631715837
57479.49996527778,-7.095825631715837,-7.055024091587952
57717.49996527778,-7.055024091587952,-7.195179321278838
57773.4999537037,-7.195179321278838,-7.126679398184601
57829.4999537037,-7.126679398184601,-7.176525770829699
59341.4999537037,-7.176525770829699,-7.064492734175287
59817.4999537037,-7.064492734175287,-7.105683937315561
