#MJD,flux_target_1d,flux_target_2d
56891.499976851854,-6.863279432843593,-6.903089986991944
57101.499976851854,-6.903089986991944,-5.1180450286604
58305.4999537037,-5.1180450286604,-6.183758700008217
58340.4999537037,-6.183758700008217,-6.012780770091995
58389.4999537037,-6.012780770091995,-6.6020599913279625
