#MJD,index_target_1d,index_target_2d
56730.499976851854,7.95,2.92
56807.499976851854,2.92,4.63
56961.499976851854,4.63,2.8
58186.4999537037,2.8,4.05
58235.4999537037,4.05,3.05
58368.4999537037,3.05,3.02
58529.4999537037,3.02,3.37
58536.4999537037,3.37,6.93
58550.4999537037,6.93,5.96
58564.4999537037,5.96,4.5
58697.4999537037,4.5,4.31
58746.4999537037,4.31,3.11
59481.4999537037,3.11,3.36
59544.4999537037,3.36,2.79
