#MJD,index_target_1d,index_target_2d
57290.49996527778,3.29,5.77
58907.4999537037,5.77,3.44
59208.4999537037,3.44,3.35
59243.4999537037,3.35,3.99
60468.4999537037,3.99,3.44
