#MJD,flux_target_1d,flux_target_2d
57423.49996527778,-7.015922966097169,-6.860120913598763
58172.4999537037,-6.860120913598763,-6.91721462968355
