#MJD,index_target_1d,index_target_2d
58137.4999537037,4.22,7.82
58193.4999537037,7.82,4.16
58305.4999537037,4.16,3.78
59418.4999537037,3.78,3.61
59579.4999537037,3.61,2.98
59775.4999537037,2.98,3.11
59782.4999537037,3.11,3.05
60020.4999537037,3.05,5.94
60034.4999537037,5.94,2.39
60160.4999537037,2.39,4.21
60314.4999537037,4.21,3.18
60398.4999537037,3.18,4.56
60531.4999537037,4.56,4.33
