#MJD,index_target_1d,index_target_2d
57605.49996527778,8.6,5.1
57654.49996527778,5.1,7.4
58319.4999537037,7.4,3.91
58473.4999537037,3.91,9.99
58508.4999537037,9.99,2.5
58634.4999537037,2.5,4.69
58676.4999537037,4.69,4.39
58690.4999537037,4.39,3.46
58823.4999537037,3.46,4.22
59187.4999537037,4.22,3.93
59586.4999537037,3.93,6.01
59705.4999537037,6.01,8.12
59740.4999537037,8.12,3.76
59915.4999537037,3.76,7.53
60111.4999537037,7.53,4.47
60286.4999537037,4.47,10.0
