#MJD,index_target_1d,index_target_2d
56632.499976851854,2.85,6.33
56758.499976851854,6.33,5.02
56849.499976851854,5.02,5.41
57318.49996527778,5.41,3.16
57857.4999537037,3.16,6.49
58172.4999537037,6.49,3.56
58494.4999537037,3.56,4.25
58697.4999537037,4.25,3.15
59257.4999537037,3.15,3.37
59432.4999537037,3.37,10.0
59488.4999537037,10.0,4.93
59838.4999537037,4.93,3.44
60027.4999537037,3.44,4.11
