#MJD,flux_lag_1,flux_lag_2,flux_lag_3,flux_lag_4,flux_lag_5,flux_lag_6,flux_rolling_mean_7,flux_rolling_std_7,index_lag_1,index_lag_2,index_lag_3,index_lag_4,index_lag_5,index_lag_6,index_rolling_mean_7,index_rolling_std_7
58438.4999537037,-6.991399828238082,-6.97469413473523,-6.97061622231479,-6.966576244513051,-6.966576244513051,-6.950781977329818,-6.93,0.11,8.05,2.78,8.31,3.5,8.66,3.78,5.6,2.6
60090.4999537037,-6.673664139071248,-6.991399828238082,-6.97469413473523,-6.97061622231479,-6.966576244513051,-6.966576244513051,-6.92,0.11,4.1,8.05,2.78,8.31,3.5,8.66,5.67,2.55
