#MJD,flux_lag_1,flux_lag_2,flux_lag_3,flux_lag_4,flux_lag_5,flux_lag_6,flux_rolling_mean_7,flux_rolling_std_7,index_lag_1,index_lag_2,index_lag_3,index_lag_4,index_lag_5,index_lag_6,index_rolling_mean_7,index_rolling_std_7
57584.49996527778,-6.818156412055227,-6.812479279163537,-6.667561540084395,-6.7594507517174005,-6.688246138944246,-6.782516055786093,-6.74,0.07,2.15,2.14,2.6,2.38,2.11,2.24,2.28,0.17
57696.49996527778,-6.657577319177793,-6.818156412055227,-6.812479279163537,-6.667561540084395,-6.7594507517174005,-6.688246138944246,-6.7,0.11,2.31,2.15,2.14,2.6,2.38,2.11,2.29,0.17
57703.49996527778,-6.490797477668897,-6.657577319177793,-6.818156412055227,-6.812479279163537,-6.667561540084395,-6.7594507517174005,-6.71,0.11,2.32,2.31,2.15,2.14,2.6,2.38,2.34,0.16
57710.49996527778,-6.752026733638194,-6.490797477668897,-6.657577319177793,-6.818156412055227,-6.812479279163537,-6.667561540084395,-6.71,0.12,2.46,2.32,2.31,2.15,2.14,2.6,2.32,0.17
57738.49996527778,-6.798602875679548,-6.752026733638194,-6.490797477668897,-6.657577319177793,-6.818156412055227,-6.812479279163537,-6.7,0.12,2.23,2.46,2.32,2.31,2.15,2.14,2.38,0.32
