#MJD,index_lag_1,index_lag_2,index_lag_3,index_lag_4,index_lag_5,index_lag_6,index_rolling_mean_7,index_rolling_std_7,flux_lag_1,flux_lag_2,flux_lag_3,flux_lag_4,flux_lag_5,flux_lag_6,flux_rolling_mean_7,flux_rolling_std_7
57766.4999537037,2.39,2.56,4.96,3.13,3.17,4.02,3.99,1.85,-6.935542010773082,-6.97469413473523,-6.853871964321762,-6.903089986991944,-6.432973633840939,-7.0030507515046185,-6.84,0.2
58193.4999537037,7.68,2.39,2.56,4.96,3.13,3.17,3.73,1.97,-6.767003889607846,-6.935542010773082,-6.97469413473523,-6.853871964321762,-6.903089986991944,-6.432973633840939,-6.83,0.19
58235.4999537037,2.22,7.68,2.39,2.56,4.96,3.13,3.92,1.97,-6.97469413473523,-6.767003889607846,-6.935542010773082,-6.97469413473523,-6.853871964321762,-6.903089986991944,-6.9,0.07
58970.4999537037,4.53,2.22,7.68,2.39,2.56,4.96,3.87,2.0,-6.91721462968355,-6.97469413473523,-6.767003889607846,-6.935542010773082,-6.97469413473523,-6.853871964321762,-6.91,0.07
59159.4999537037,2.74,4.53,2.22,7.68,2.39,2.56,3.7,1.94,-6.939302159646388,-6.91721462968355,-6.97469413473523,-6.767003889607846,-6.935542010773082,-6.97469413473523,-6.91,0.07
59845.4999537037,3.76,2.74,4.53,2.22,7.68,2.39,3.84,1.88,-6.892790030352131,-6.939302159646388,-6.91721462968355,-6.97469413473523,-6.767003889607846,-6.935542010773082,-6.91,0.07
60111.4999537037,3.55,3.76,2.74,4.53,2.22,7.68,4.39,1.95,-6.954677021213342,-6.892790030352131,-6.939302159646388,-6.91721462968355,-6.97469413473523,-6.767003889607846,-6.9,0.07
60195.4999537037,6.24,3.55,3.76,2.74,4.53,2.22,3.94,1.33,-6.866461091629782,-6.954677021213342,-6.892790030352131,-6.939302159646388,-6.91721462968355,-6.97469413473523,-6.91,0.05
60370.4999537037,4.52,6.24,3.55,3.76,2.74,4.53,4.34,1.14,-6.853871964321762,-6.866461091629782,-6.954677021213342,-6.892790030352131,-6.939302159646388,-6.91721462968355,-6.9,0.04
