#MJD,index_target_1d,index_target_2d
57423.49996527778,2.98,6.29
58172.4999537037,6.29,7.04
