#MJD,flux_target_1d,flux_target_2d
57493.49996527778,-7.3448615651886175,-7.396855627379818
58186.4999537037,-7.396855627379818,-7.023191662661934
58697.4999537037,-7.023191662661934,-6.54515513999149
58739.4999537037,-6.54515513999149,-7.139661993429006
59873.4999537037,-7.139661993429006,-7.20342566678957
60034.4999537037,-7.20342566678957,-7.159266765388193
60419.4999537037,-7.159266765388193,-7.1598939055432425
