#MJD,index_target_1d,index_target_2d
56821.499976851854,9.49,8.78
57437.49996527778,8.78,3.59
57605.49996527778,3.59,2.88
58235.4999537037,2.88,2.93
58606.4999537037,2.93,9.49
58935.4999537037,9.49,3.58
59418.4999537037,3.58,10.0
59551.4999537037,10.0,10.0
