#MJD,flux_lag_1,flux_lag_2,flux_lag_3,flux_lag_4,flux_lag_5,flux_lag_6,flux_rolling_mean_7,flux_rolling_std_7,index_lag_1,index_lag_2,index_lag_3,index_lag_4,index_lag_5,index_lag_6,index_rolling_mean_7,index_rolling_std_7
56100.49998842592,-7.054039296422431,-7.007004901568658,-6.982966660701219,-7.071092309756048,-7.0726296369609765,-7.1979107421182675,-7.06,0.07,7.51,4.14,3.14,2.67,4.27,4.26,4.12,1.64
56520.499976851854,-7.018634490921456,-7.054039296422431,-7.007004901568658,-6.982966660701219,-7.071092309756048,-7.0726296369609765,-7.04,0.04,2.87,7.51,4.14,3.14,2.67,4.27,4.01,1.66
56968.499976851854,-7.103473782510445,-7.018634490921456,-7.054039296422431,-7.007004901568658,-6.982966660701219,-7.071092309756048,-7.06,0.07,3.49,2.87,7.51,4.14,3.14,2.67,3.82,1.7
57479.49996527778,-7.200659450546419,-7.103473782510445,-7.018634490921456,-7.054039296422431,-7.007004901568658,-6.982966660701219,-7.06,0.07,2.92,3.49,2.87,7.51,4.14,3.14,3.92,1.64
57717.49996527778,-7.045275209020937,-7.200659450546419,-7.103473782510445,-7.018634490921456,-7.054039296422431,-7.007004901568658,-7.07,0.07,3.38,2.92,3.49,2.87,7.51,4.14,4.19,1.64
57773.4999537037,-7.095825631715837,-7.045275209020937,-7.200659450546419,-7.103473782510445,-7.018634490921456,-7.054039296422431,-7.08,0.06,5.02,3.38,2.92,3.49,2.87,7.51,4.74,2.18
57829.4999537037,-7.055024091587952,-7.095825631715837,-7.045275209020937,-7.200659450546419,-7.103473782510445,-7.018634490921456,-7.1,0.07,7.99,5.02,3.38,2.92,3.49,2.87,4.5,1.9
59341.4999537037,-7.195179321278838,-7.055024091587952,-7.095825631715837,-7.045275209020937,-7.200659450546419,-7.103473782510445,-7.12,0.06,5.83,7.99,5.02,3.38,2.92,3.49,4.61,1.81
59817.4999537037,-7.126679398184601,-7.195179321278838,-7.055024091587952,-7.095825631715837,-7.045275209020937,-7.200659450546419,-7.13,0.07,3.67,5.83,7.99,5.02,3.38,2.92,4.77,1.74
