#MJD,index_target_1d,index_target_2d
57892.4999537037,4.23,3.17
59201.4999537037,3.17,2.85
59341.4999537037,2.85,7.16
59390.4999537037,7.16,3.03
60146.4999537037,3.03,2.44
60167.4999537037,2.44,4.1
60272.4999537037,4.1,10.0
60629.4999537037,10.0,5.84
