#MJD,flux_lag_1,flux_lag_2,flux_lag_3,flux_lag_4,flux_lag_5,flux_lag_6,flux_rolling_mean_7,flux_rolling_std_7,index_lag_1,index_lag_2,index_lag_3,index_lag_4,index_lag_5,index_lag_6,index_rolling_mean_7,index_rolling_std_7
58109.4999537037,-7.161780778092374,-7.200659450546419,-6.903089986991944,-7.036684488613889,-7.1598939055432425,-7.010550182333308,-7.1,0.11,2.25,2.45,4.1,2.61,2.72,3.62,2.96,0.67
58557.4999537037,-7.1979107421182675,-7.161780778092374,-7.200659450546419,-6.903089986991944,-7.036684488613889,-7.1598939055432425,-7.1,0.11,2.97,2.25,2.45,4.1,2.61,2.72,3.03,0.76
58718.4999537037,-7.015472686656207,-7.1979107421182675,-7.161780778092374,-7.200659450546419,-6.903089986991944,-7.036684488613889,-7.06,0.13,4.1,2.97,2.25,2.45,4.1,2.61,3.2,0.81
58725.4999537037,-6.903089986991944,-7.015472686656207,-7.1979107421182675,-7.161780778092374,-7.200659450546419,-6.903089986991944,-7.03,0.16,3.9,4.1,2.97,2.25,2.45,4.1,3.32,0.77
