#MJD,flux_target_1d,flux_target_2d
55911.49998842592,-7.0762380391713,-6.795880017344075
56506.499976851854,-6.795880017344075,-6.860120913598763
57381.49996527778,-6.860120913598763,-7.000869458712629
58508.4999537037,-7.000869458712629,-6.767003889607846
