#MJD,index_target_1d,index_target_2d
56898.499976851854,3.14,3.62
57458.49996527778,3.62,5.0
57829.4999537037,5.0,3.11
57843.4999537037,3.11,3.53
58417.4999537037,3.53,5.0
58767.4999537037,5.0,3.23
59691.4999537037,3.23,3.75
59866.4999537037,3.75,3.6
