#MJD,index_lag_1,index_lag_2,index_lag_3,index_lag_4,index_lag_5,index_lag_6,index_rolling_mean_7,index_rolling_std_7,flux_lag_1,flux_lag_2,flux_lag_3,flux_lag_4,flux_lag_5,flux_lag_6,flux_rolling_mean_7,flux_rolling_std_7
58935.4999537037,3.03,7.48,6.0,7.48,7.57,3.11,5.46,2.16,-6.785156151952302,-6.906578314837765,-6.920818753952375,-6.913640169325252,-6.651695136951839,-6.838631997765025,-6.82,0.11
59376.4999537037,3.55,3.03,7.48,6.0,7.48,7.57,5.42,2.21,-6.714442690992226,-6.785156151952302,-6.906578314837765,-6.920818753952375,-6.913640169325252,-6.651695136951839,-6.82,0.11
59397.4999537037,2.84,3.55,3.03,7.48,6.0,7.48,4.66,2.27,-6.876148359032914,-6.714442690992226,-6.785156151952302,-6.906578314837765,-6.920818753952375,-6.913640169325252,-6.84,0.08
59411.4999537037,2.21,2.84,3.55,3.03,7.48,6.0,3.91,2.03,-6.767003889607846,-6.876148359032914,-6.714442690992226,-6.785156151952302,-6.906578314837765,-6.920818753952375,-6.81,0.09
59614.4999537037,2.29,2.21,2.84,3.55,3.03,7.48,3.74,1.86,-6.716698771296451,-6.767003889607846,-6.876148359032914,-6.714442690992226,-6.785156151952302,-6.906578314837765,-6.81,0.08
59859.4999537037,4.77,2.29,2.21,2.84,3.55,3.03,3.41,1.17,-6.8996294548824375,-6.716698771296451,-6.767003889607846,-6.876148359032914,-6.714442690992226,-6.785156151952302,-6.77,0.09
