#MJD,index_target_1d,index_target_2d
58473.4999537037,5.0,2.14
58585.4999537037,2.14,3.93
