#MJD,index_target_1d,index_target_2d
58452.4999537037,3.38,3.07
59390.4999537037,3.07,3.73
59705.4999537037,3.73,3.32
59740.4999537037,3.32,3.79
60279.4999537037,3.79,3.37
60475.4999537037,3.37,3.38
