#MJD,index_target_1d,index_target_2d
57059.499976851854,5.0,3.69
57094.499976851854,3.69,4.22
57668.49996527778,4.22,5.0
57808.4999537037,5.0,3.67
57920.4999537037,3.67,4.82
58235.4999537037,4.82,4.98
58382.4999537037,4.98,4.15
58396.4999537037,4.15,5.0
59138.4999537037,5.0,4.92
59194.4999537037,4.92,4.13
59621.4999537037,4.13,4.76
59789.4999537037,4.76,5.0
59803.4999537037,5.0,5.0
