#MJD,index_target_1d,index_target_2d
59411.4999537037,2.19,2.86
59425.4999537037,2.86,2.45
59474.4999537037,2.45,5.42
59628.4999537037,5.42,7.35
59957.4999537037,7.35,6.09
60202.4999537037,6.09,3.36
