#MJD,index_target_1d,index_target_2d
58718.4999537037,4.02,4.1
58746.4999537037,4.1,4.72
58963.4999537037,4.72,5.0
59047.4999537037,5.0,5.0
59404.4999537037,5.0,5.0
59453.4999537037,5.0,4.67
59558.4999537037,4.67,4.79
59642.4999537037,4.79,5.0
59915.4999537037,5.0,4.7
60020.4999537037,4.7,5.0
