#MJD,index_target_1d,index_target_2d
56996.499976851854,3.53,4.76
57269.49996527778,4.76,3.57
57675.49996527778,3.57,4.09
57899.4999537037,4.09,4.19
58032.4999537037,4.19,4.38
58165.4999537037,4.38,5.0
58305.4999537037,5.0,5.0
58788.4999537037,5.0,3.86
59313.4999537037,3.86,4.01
59481.4999537037,4.01,5.0
59537.4999537037,5.0,4.99
59642.4999537037,4.99,3.24
59852.4999537037,3.24,5.0
60055.4999537037,5.0,4.68
60433.4999537037,4.68,3.95
60461.4999537037,3.95,4.8
60524.4999537037,4.8,3.15
