#MJD,flux_lag_1,flux_lag_2,flux_lag_3,flux_lag_4,flux_lag_5,flux_lag_6,flux_rolling_mean_7,flux_rolling_std_7,index_lag_1,index_lag_2,index_lag_3,index_lag_4,index_lag_5,index_lag_6,index_rolling_mean_7,index_rolling_std_7
58522.4999537037,-6.779891911959945,-6.958607314841775,-6.91721462968355,-6.818156412055227,-6.982966660701219,-6.978810700930062,-6.74,0.44,7.73,7.69,4.83,4.29,4.92,5.68,5.45,1.75
59432.4999537037,-5.756961951313706,-6.779891911959945,-6.958607314841775,-6.91721462968355,-6.818156412055227,-6.982966660701219,-6.71,0.43,2.99,7.73,7.69,4.83,4.29,4.92,5.4,1.74
60153.4999537037,-6.73754891026957,-5.756961951313706,-6.779891911959945,-6.958607314841775,-6.91721462968355,-6.818156412055227,-6.66,0.41,5.36,2.99,7.73,7.69,4.83,4.29,5.62,1.77
60503.4999537037,-6.663540266151471,-6.73754891026957,-5.756961951313706,-6.779891911959945,-6.958607314841775,-6.91721462968355,-6.68,0.43,6.43,5.36,2.99,7.73,7.69,4.83,6.22,1.96
60517.4999537037,-6.978810700930062,-6.663540266151471,-6.73754891026957,-5.756961951313706,-6.779891911959945,-6.958607314841775,-6.69,0.43,8.54,6.43,5.36,2.99,7.73,7.69,5.97,2.27
