#MJD,index_lag_1,index_lag_2,index_lag_3,index_lag_4,index_lag_5,index_lag_6,index_rolling_mean_7,index_rolling_std_7,flux_lag_1,flux_lag_2,flux_lag_3,flux_lag_4,flux_lag_5,flux_lag_6,flux_rolling_mean_7,flux_rolling_std_7
57220.49996527778,2.85,2.97,7.12,4.94,3.16,6.03,4.41,1.67,-7.094743951251549,-7.115771230367396,-7.129011186239425,-6.962573502059376,-6.8696662315049934,-7.129011186239425,-7.03,0.12
57752.49996527778,3.8,2.85,2.97,7.12,4.94,3.16,4.63,2.0,-6.892790030352131,-7.094743951251549,-7.115771230367396,-7.129011186239425,-6.962573502059376,-6.8696662315049934,-7.02,0.11
58095.4999537037,7.6,3.8,2.85,2.97,7.12,4.94,4.51,2.13,-7.049148541111453,-6.892790030352131,-7.094743951251549,-7.115771230367396,-7.129011186239425,-6.962573502059376,-7.02,0.1
58102.4999537037,2.26,7.6,3.8,2.85,2.97,7.12,4.23,2.19,-6.896196279044043,-7.049148541111453,-6.892790030352131,-7.094743951251549,-7.115771230367396,-7.129011186239425,-6.99,0.15
59537.4999537037,3.01,2.26,7.6,3.8,2.85,2.97,3.59,1.83,-6.728158393463501,-6.896196279044043,-7.049148541111453,-6.892790030352131,-7.094743951251549,-7.115771230367396,-6.98,0.15
59635.4999537037,2.67,3.01,2.26,7.6,3.8,2.85,4.42,2.62,-7.105130343254747,-6.728158393463501,-6.896196279044043,-7.049148541111453,-6.892790030352131,-7.094743951251549,-6.98,0.15
59698.4999537037,8.72,2.67,3.01,2.26,7.6,3.8,4.55,2.55,-7.103473782510445,-7.105130343254747,-6.728158393463501,-6.896196279044043,-7.049148541111453,-6.892790030352131,-6.96,0.14
60027.4999537037,3.77,8.72,2.67,3.01,2.26,7.6,4.76,2.54,-6.97061622231479,-7.103473782510445,-7.105130343254747,-6.728158393463501,-6.896196279044043,-7.049148541111453,-6.99,0.14
60489.4999537037,5.27,3.77,8.72,2.67,3.01,2.26,4.46,2.25,-7.098541678603888,-6.97061622231479,-7.103473782510445,-7.105130343254747,-6.728158393463501,-6.896196279044043,-6.98,0.14
