#MJD,index_lag_1,index_lag_2,index_lag_3,index_lag_4,index_lag_5,index_lag_6,index_rolling_mean_7,index_rolling_std_7,flux_lag_1,flux_lag_2,flux_lag_3,flux_lag_4,flux_lag_5,flux_lag_6,flux_rolling_mean_7,flux_rolling_std_7
57598.49996527778,3.98,2.93,4.46,2.61,4.13,3.12,3.58,0.69,-7.154281982033341,-7.1791420105603,-7.129011186239425,-7.186419011431808,-7.14569395819892,-7.2076083105017466,-7.16,0.03
58494.4999537037,3.83,3.98,2.93,4.46,2.61,4.13,3.54,0.73,-7.133712660915805,-7.154281982033341,-7.1791420105603,-7.129011186239425,-7.186419011431808,-7.14569395819892,-7.15,0.02
59334.4999537037,2.84,3.83,3.98,2.93,4.46,2.61,3.61,0.82,-7.136677139879544,-7.133712660915805,-7.154281982033341,-7.1791420105603,-7.129011186239425,-7.186419011431808,-6.33,2.19
59691.4999537037,4.64,2.84,3.83,3.98,2.93,4.46,3.65,0.77,-1.3635121036466347,-7.136677139879544,-7.133712660915805,-7.154281982033341,-7.1791420105603,-7.129011186239425,-6.33,2.19
59901.4999537037,2.85,4.64,2.84,3.83,3.98,2.93,3.69,0.83,-7.193141970481182,-1.3635121036466347,-7.136677139879544,-7.133712660915805,-7.154281982033341,-7.1791420105603,-6.29,2.18
60006.4999537037,4.74,2.85,4.64,2.84,3.83,3.98,3.67,0.85,-6.8696662315049934,-7.193141970481182,-1.3635121036466347,-7.136677139879544,-7.133712660915805,-7.154281982033341,-6.29,2.18
60195.4999537037,2.81,4.74,2.85,4.64,2.84,3.83,3.52,0.87,-7.188424994129407,-6.8696662315049934,-7.193141970481182,-1.3635121036466347,-7.136677139879544,-7.133712660915805,-6.3,2.18
