#MJD,flux_target_1d,flux_target_2d
56737.499976851854,-7.198596289982645,-7.027334407733889
57171.499976851854,-7.027334407733889,4.107209969647869
57913.4999537037,4.107209969647869,-6.690369832574102
58466.4999537037,-6.690369832574102,-3.7375489102695707
58529.4999537037,-3.7375489102695707,-7.157390760389438
58683.4999537037,-7.157390760389438,-7.267606240177032
58872.4999537037,-7.267606240177032,-6.866461091629782
59299.4999537037,-6.866461091629782,-7.205511953340831
