#MJD,index_target_1d,index_target_2d
57353.49996527778,5.73,4.11
58053.4999537037,4.11,7.3
58256.4999537037,7.3,1.76
58298.4999537037,1.76,2.98
58886.4999537037,2.98,3.39
58970.4999537037,3.39,6.61
59047.4999537037,6.61,2.41
59250.4999537037,2.41,4.16
59257.4999537037,4.16,2.83
59369.4999537037,2.83,10.0
59418.4999537037,10.0,2.77
59425.4999537037,2.77,4.32
59467.4999537037,4.32,3.53
59537.4999537037,3.53,4.4
59754.4999537037,4.4,2.94
59796.4999537037,2.94,6.44
