#MJD,index_lag_1,index_lag_2,index_lag_3,index_lag_4,index_lag_5,index_lag_6,index_rolling_mean_7,index_rolling_std_7,flux_lag_1,flux_lag_2,flux_lag_3,flux_lag_4,flux_lag_5,flux_lag_6,flux_rolling_mean_7,flux_rolling_std_7
56513.499976851854,3.89,4.14,3.91,3.9,5.22,9.45,4.94,2.04,-6.906578314837765,-6.962573502059376,-6.812479279163537,-6.987162775294828,-6.939302159646388,-6.8996294548824375,-6.9,0.08
57045.499976851854,4.07,3.89,4.14,3.91,3.9,5.22,4.2,0.47,-6.764471553092451,-6.906578314837765,-6.962573502059376,-6.812479279163537,-6.987162775294828,-6.939302159646388,-6.91,0.09
57577.49996527778,4.27,4.07,3.89,4.14,3.91,3.9,3.97,0.22,-6.97469413473523,-6.764471553092451,-6.906578314837765,-6.962573502059376,-6.812479279163537,-6.987162775294828,-6.89,0.09
57612.49996527778,3.58,4.27,4.07,3.89,4.14,3.91,4.11,0.41,-6.804100347590766,-6.97469413473523,-6.764471553092451,-6.906578314837765,-6.962573502059376,-6.812479279163537,-6.88,0.09
57843.4999537037,4.88,3.58,4.27,4.07,3.89,4.14,4.35,0.68,-6.962573502059376,-6.804100347590766,-6.97469413473523,-6.764471553092451,-6.906578314837765,-6.962573502059376,-6.9,0.08
58382.4999537037,5.59,4.88,3.58,4.27,4.07,3.89,3.97,1.28,-6.939302159646388,-6.962573502059376,-6.804100347590766,-6.97469413473523,-6.764471553092451,-6.906578314837765,-6.83,0.18
58515.4999537037,1.49,5.59,4.88,3.58,4.27,4.07,3.83,1.34,-6.4723700991286615,-6.939302159646388,-6.962573502059376,-6.804100347590766,-6.97469413473523,-6.764471553092451,-6.83,0.18
59579.4999537037,2.95,1.49,5.59,4.88,3.58,4.27,3.84,1.34,-6.872895201635193,-6.4723700991286615,-6.939302159646388,-6.962573502059376,-6.804100347590766,-6.97469413473523,-6.85,0.17
60006.4999537037,4.1,2.95,1.49,5.59,4.88,3.58,3.76,1.33,-6.896196279044043,-6.872895201635193,-6.4723700991286615,-6.939302159646388,-6.962573502059376,-6.804100347590766,-6.84,0.17
