#MJD,flux_target_1d,flux_target_2d
58830.4999537037,-6.863279432843593,-7.265200170411153
58893.4999537037,-7.265200170411153,-7.291579099865287
59005.4999537037,-7.291579099865287,-7.424812155072339
59180.4999537037,-7.424812155072339,-7.443697499232713
59306.4999537037,-7.443697499232713,-7.236572006437063
59747.4999537037,-7.236572006437063,-7.33161408331
60391.4999537037,-7.33161408331,-7.328827157284917
60489.4999537037,-7.328827157284917,-7.325138859262188
60776.4999537037,-7.325138859262188,-7.432973633840939
