#MJD,index_target_1d,index_target_2d
57374.49996527778,1.9,7.8
57528.49996527778,7.8,4.76
57822.4999537037,4.76,2.86
57857.4999537037,2.86,3.13
57920.4999537037,3.13,4.08
58018.4999537037,4.08,2.73
58060.4999537037,2.73,3.92
58179.4999537037,3.92,4.0
58543.4999537037,4.0,5.41
