#MJD,index_target_1d,index_target_2d
59096.4999537037,3.09,3.48
59103.4999537037,3.48,5.99
59264.4999537037,5.99,2.95
59628.4999537037,2.95,2.85
59943.4999537037,2.85,3.05
59950.4999537037,3.05,5.71
60321.4999537037,5.71,3.28
60363.4999537037,3.28,6.05
