#MJD,index_target_1d,index_target_2d
57143.499976851854,4.94,2.85
57745.49996527778,2.85,2.38
57871.4999537037,2.38,6.35
57899.4999537037,6.35,2.35
57962.4999537037,2.35,2.01
58039.4999537037,2.01,3.17
58361.4999537037,3.17,3.51
58466.4999537037,3.51,6.45
58501.4999537037,6.45,4.52
58914.4999537037,4.52,3.77
59152.4999537037,3.77,5.52
59418.4999537037,5.52,4.48
59509.4999537037,4.48,4.33
59544.4999537037,4.33,3.47
59999.4999537037,3.47,2.95
60118.4999537037,2.95,6.77
