#MJD,flux_target_1d,flux_target_2d
59782.4999537037,-7.214670164989233,-6.716698771296451
59957.4999537037,-6.716698771296451,-5.443697499232713
60370.4999537037,-5.443697499232713,-7.087777943467585
60734.4999537037,-7.087777943467585,-7.18111458540599
