#MJD,index_lag_1,index_lag_2,index_lag_3,index_lag_4,index_lag_5,index_lag_6,index_rolling_mean_7,index_rolling_std_7,flux_lag_1,flux_lag_2,flux_lag_3,flux_lag_4,flux_lag_5,flux_lag_6,flux_rolling_mean_7,flux_rolling_std_7
59782.4999537037,3.22,3.23,3.63,6.22,6.26,3.15,4.33,1.4,-6.991399828238082,-6.982966660701219,-7.129011186239425,-7.189095719331299,-7.131355561605174,-7.0338582672609675,-7.07,0.08
59957.4999537037,4.6,3.22,3.23,3.63,6.22,6.26,5.12,2.04,-7.018634490921456,-6.991399828238082,-6.982966660701219,-7.129011186239425,-7.189095719331299,-7.131355561605174,-7.09,0.1
60370.4999537037,8.69,4.6,3.22,3.23,3.63,6.22,4.64,2.12,-7.214670164989233,-7.018634490921456,-6.991399828238082,-6.982966660701219,-7.129011186239425,-7.189095719331299,-7.03,0.17
60734.4999537037,2.92,8.69,4.6,3.22,3.23,3.63,4.86,2.36,-6.716698771296451,-7.214670164989233,-7.018634490921456,-6.991399828238082,-6.982966660701219,-7.129011186239425,-6.79,0.61
