#MJD,index_lag_1,index_lag_2,index_lag_3,index_lag_4,index_lag_5,index_lag_6,index_rolling_mean_7,index_rolling_std_7,flux_lag_1,flux_lag_2,flux_lag_3,flux_lag_4,flux_lag_5,flux_lag_6,flux_rolling_mean_7,flux_rolling_std_7
58494.4999537037,5.0,2.26,1.78,5.0,3.46,3.99,3.78,1.35,-7.1778319206319825,-7.165579296318468,-7.289036881004725,-7.1904402853647325,-7.278189384787454,-7.018634490921456,-7.16,0.11
59033.4999537037,5.0,5.0,2.26,1.78,5.0,3.46,3.73,1.35,-7.028260409112222,-7.1778319206319825,-7.165579296318468,-7.289036881004725,-7.1904402853647325,-7.278189384787454,-7.2,0.09
59537.4999537037,3.58,5.0,5.0,2.26,1.78,5.0,3.95,1.42,-7.266802734893431,-7.028260409112222,-7.1778319206319825,-7.165579296318468,-7.289036881004725,-7.1904402853647325,-7.2,0.09
59761.4999537037,5.0,3.58,5.0,5.0,2.26,1.78,3.95,1.42,-7.275724130399211,-7.266802734893431,-7.028260409112222,-7.1778319206319825,-7.165579296318468,-7.289036881004725,-7.19,0.1
59824.4999537037,5.0,5.0,3.58,5.0,5.0,2.26,4.41,1.08,-7.09366495819491,-7.275724130399211,-7.266802734893431,-7.028260409112222,-7.1778319206319825,-7.165579296318468,-7.17,0.09
60069.4999537037,5.0,5.0,5.0,3.58,5.0,5.0,4.58,0.72,-7.173925197299173,-7.09366495819491,-7.275724130399211,-7.266802734893431,-7.028260409112222,-7.1778319206319825,-7.18,0.09
