#MJD,flux_lag_1,flux_lag_2,flux_lag_3,flux_lag_4,flux_lag_5,flux_lag_6,flux_rolling_mean_7,flux_rolling_std_7,index_lag_1,index_lag_2,index_lag_3,index_lag_4,index_lag_5,index_lag_6,index_rolling_mean_7,index_rolling_std_7
58067.4999537037,-7.020451625295905,-6.924453038607469,-7.066006836168758,-6.924453038607469,-6.835647144215563,-7.086716098239582,-6.99,0.1,4.67,3.91,3.36,3.93,3.67,3.82,3.89,0.4
58543.4999537037,-7.077793722560983,-7.020451625295905,-6.924453038607469,-7.066006836168758,-6.924453038607469,-6.835647144215563,-6.97,0.09,3.85,4.67,3.91,3.36,3.93,3.67,4.58,1.84
