#MJD,index_target_1d,index_target_2d
56443.499976851854,6.92,3.18
56639.499976851854,3.18,7.38
56807.499976851854,7.38,8.56
56835.499976851854,8.56,6.58
56926.499976851854,6.58,2.58
58025.4999537037,2.58,3.43
58235.4999537037,3.43,5.5
59628.4999537037,5.5,8.1
