#MJD,flux_lag_1,flux_lag_2,flux_lag_3,flux_lag_4,flux_lag_5,flux_lag_6,flux_rolling_mean_7,flux_rolling_std_7,index_lag_1,index_lag_2,index_lag_3,index_lag_4,index_lag_5,index_lag_6,index_rolling_mean_7,index_rolling_std_7
58473.4999537037,-6.649751981665837,-6.889410289700751,-6.853871964321762,-6.866461091629782,-6.764471553092451,-6.58838029403677,-6.74,0.14,3.73,3.07,5.0,4.11,4.89,4.47,4.24,0.68
58585.4999537037,-6.536107011014093,-6.649751981665837,-6.889410289700751,-6.853871964321762,-6.866461091629782,-6.764471553092451,-6.78,0.14,4.43,3.73,3.07,5.0,4.11,4.89,4.32,0.73
