#MJD,index_target_1d,index_target_2d
56912.499976851854,7.36,3.16
57115.499976851854,3.16,9.2
57269.49996527778,9.2,4.09
57857.4999537037,4.09,2.33
58074.4999537037,2.33,2.34
59663.4999537037,2.34,3.1
