#MJD,index_target_1d,index_target_2d
57885.4999537037,3.93,2.29
58165.4999537037,2.29,3.59
58263.4999537037,3.59,3.07
58522.4999537037,3.07,2.46
58697.4999537037,2.46,3.02
59313.4999537037,3.02,5.0
59593.4999537037,5.0,5.0
