#MJD,index_lag_1,index_lag_2,index_lag_3,index_lag_4,index_lag_5,index_lag_6,index_rolling_mean_7,index_rolling_std_7,flux_lag_1,flux_lag_2,flux_lag_3,flux_lag_4,flux_lag_5,flux_lag_6,flux_rolling_mean_7,flux_rolling_std_7
56702.499976851854,2.29,2.23,2.39,3.31,3.53,3.58,3.01,0.67,-6.767003889607846,-6.8996294548824375,-6.97469413473523,-6.924453038607469,-6.801342913045577,-6.982966660701219,-6.88,0.09
56758.499976851854,3.71,2.29,2.23,2.39,3.31,3.53,2.87,0.63,-6.79317412396815,-6.767003889607846,-6.8996294548824375,-6.97469413473523,-6.924453038607469,-6.801342913045577,-6.86,0.08
56968.499976851854,2.62,3.71,2.29,2.23,2.39,3.31,3.17,1.22,-6.889410289700751,-6.79317412396815,-6.767003889607846,-6.8996294548824375,-6.97469413473523,-6.924453038607469,-6.89,0.08
57276.49996527778,5.62,2.62,3.71,2.29,2.23,2.39,3.34,1.33,-6.966576244513051,-6.889410289700751,-6.79317412396815,-6.767003889607846,-6.8996294548824375,-6.97469413473523,-6.88,0.08
57843.4999537037,4.55,5.62,2.62,3.71,2.29,2.23,3.47,1.26,-6.8996294548824375,-6.966576244513051,-6.889410289700751,-6.79317412396815,-6.767003889607846,-6.8996294548824375,-6.89,0.08
58788.4999537037,3.27,4.55,5.62,2.62,3.71,2.29,3.82,1.2,-6.991399828238082,-6.8996294548824375,-6.966576244513051,-6.889410289700751,-6.79317412396815,-6.767003889607846,-6.88,0.09
59033.4999537037,4.67,3.27,4.55,5.62,2.62,3.71,4.59,1.68,-6.82102305270683,-6.991399828238082,-6.8996294548824375,-6.966576244513051,-6.889410289700751,-6.79317412396815,-6.91,0.08
