#MJD,index_target_1d,index_target_2d
58067.4999537037,8.66,3.37
58543.4999537037,3.37,3.71
