#MJD,index_target_1d,index_target_2d
55225.49998842592,2.57,3.98
55456.49998842592,3.98,3.61
56044.49998842592,3.61,2.79
56380.499976851854,2.79,3.31
56639.499976851854,3.31,5.0
57220.49996527778,5.0,3.24
57759.4999537037,3.24,3.33
57885.4999537037,3.33,3.34
57962.4999537037,3.34,3.17
58417.4999537037,3.17,2.91
58865.4999537037,2.91,2.73
58984.4999537037,2.73,5.0
59621.4999537037,5.0,4.24
