#MJD,index_target_1d,index_target_2d
57556.49996527778,5.18,2.35
57661.49996527778,2.35,3.14
58102.4999537037,3.14,2.58
58116.4999537037,2.58,2.43
58123.4999537037,2.43,2.32
58130.4999537037,2.32,7.72
58249.4999537037,7.72,3.36
58697.4999537037,3.36,2.75
59152.4999537037,2.75,2.7
59201.4999537037,2.7,4.06
59628.4999537037,4.06,3.66
60125.4999537037,3.66,3.57
60370.4999537037,3.57,2.4
