#MJD,index_target_1d,index_target_2d
56828.499976851854,6.43,5.07
57206.49996527778,5.07,2.94
57325.49996527778,2.94,2.06
57444.49996527778,2.06,4.45
57682.49996527778,4.45,3.26
57815.4999537037,3.26,4.35
57836.4999537037,4.35,2.77
57906.4999537037,2.77,2.74
59145.4999537037,2.74,2.84
59551.4999537037,2.84,4.48
