#MJD,index_target_1d,index_target_2d
56422.499976851854,3.41,2.68
56443.499976851854,2.68,2.22
56618.499976851854,2.22,2.73
56639.499976851854,2.73,3.58
56709.499976851854,3.58,5.44
57535.49996527778,5.44,2.32
57703.49996527778,2.32,2.66
57801.4999537037,2.66,7.36
58165.4999537037,7.36,2.42
58501.4999537037,2.42,2.27
58522.4999537037,2.27,4.79
58529.4999537037,4.79,2.52
59124.4999537037,2.52,2.87
59383.4999537037,2.87,2.44
59824.4999537037,2.44,3.11
59992.4999537037,3.11,3.21
