#MJD,flux_target_1d,flux_target_2d
56653.499976851854,-6.913640169325252,-6.809668301829708
56660.499976851854,-6.809668301829708,-6.939302159646388
56709.499976851854,-6.939302159646388,-7.098541678603888
56842.499976851854,-7.098541678603888,-7.120904120499927
56870.499976851854,-7.120904120499927,-7.104577453960592
57115.499976851854,-7.104577453960592,-7.095825631715837
58046.4999537037,-7.095825631715837,-7.1249387366083
