#MJD,index_target_1d,index_target_2d
56226.499976851854,2.36,3.73
56562.499976851854,3.73,2.29
56800.499976851854,2.29,5.04
57136.499976851854,5.04,4.98
57416.49996527778,4.98,2.14
57850.4999537037,2.14,2.63
58291.4999537037,2.63,3.16
58417.4999537037,3.16,2.5
58543.4999537037,2.5,6.74
58837.4999537037,6.74,2.43
59019.4999537037,2.43,1.94
59313.4999537037,1.94,3.44
59558.4999537037,3.44,7.13
60006.4999537037,7.13,3.91
60230.4999537037,3.91,4.63
60363.4999537037,4.63,4.68
