#MJD,index_target_1d,index_target_2d
55575.49998842592,3.24,6.5
55596.49998842592,6.5,3.36
56898.499976851854,3.36,3.51
57136.499976851854,3.51,6.26
57192.499976851854,6.26,3.64
57458.49996527778,3.64,4.58
57521.49996527778,4.58,2.94
57752.49996527778,2.94,3.2
58900.4999537037,3.2,2.73
59544.4999537037,2.73,6.42
59684.4999537037,6.42,2.62
59726.4999537037,2.62,2.6
59859.4999537037,2.6,2.04
59936.4999537037,2.04,4.07
59943.4999537037,4.07,4.09
60048.4999537037,4.09,4.52
