#MJD,index_target_1d,index_target_2d
59306.4999537037,3.66,2.7
59579.4999537037,2.7,2.33
