#MJD,flux_lag_1,flux_lag_2,flux_lag_3,flux_lag_4,flux_lag_5,flux_lag_6,flux_rolling_mean_7,flux_rolling_std_7,index_lag_1,index_lag_2,index_lag_3,index_lag_4,index_lag_5,index_lag_6,index_rolling_mean_7,index_rolling_std_7
58550.4999537037,-7.22767829327708,-6.958607314841775,-7.191789027075778,-7.075204004202088,-7.238824186844268,-7.184422251675732,-7.15,0.1,5.72,4.2,4.21,3.94,2.95,5.73,4.52,1.0
59159.4999537037,-7.139661993429006,-7.22767829327708,-6.958607314841775,-7.191789027075778,-7.075204004202088,-7.238824186844268,-7.15,0.11,4.88,5.72,4.2,4.21,3.94,2.95,4.24,0.87
59250.4999537037,-7.242603971206976,-7.139661993429006,-7.22767829327708,-6.958607314841775,-7.191789027075778,-7.075204004202088,-7.16,0.11,3.76,4.88,5.72,4.2,4.21,3.94,4.33,0.74
59929.4999537037,-7.251811972993799,-7.242603971206976,-7.139661993429006,-7.22767829327708,-6.958607314841775,-7.191789027075778,-7.18,0.11,3.61,3.76,4.88,5.72,4.2,4.21,4.21,0.88
59957.4999537037,-7.257274868695302,-7.251811972993799,-7.242603971206976,-7.139661993429006,-7.22767829327708,-6.958607314841775,-7.14,0.15,3.06,3.61,3.76,4.88,5.72,4.2,4.13,0.9
