#MJD,index_target_1d,index_target_2d
59544.4999537037,3.87,4.77
59586.4999537037,4.77,5.0
