#MJD,flux_target_1d,flux_target_2d
58067.4999537037,-6.94692155651658,-6.94692155651658
58543.4999537037,-6.94692155651658,-7.053547734986927
