#MJD,index_target_1d,index_target_2d
56464.499976851854,6.1,6.17
56541.499976851854,6.17,5.32
56786.499976851854,5.32,2.96
57745.49996527778,2.96,7.86
59698.4999537037,7.86,3.4
60167.4999537037,3.4,2.98
