#MJD,index_target_1d,index_target_2d
56135.499976851854,3.88,4.09
56163.499976851854,4.09,5.75
56653.499976851854,5.75,3.28
57087.499976851854,3.28,2.73
57633.49996527778,2.73,6.92
58732.4999537037,6.92,3.29
59187.4999537037,3.29,1.98
59950.4999537037,1.98,4.24
60433.4999537037,4.24,3.65
