#MJD,flux_target_1d,flux_target_2d
57115.499976851854,-6.910094888560602,-6.4156687756324695
57542.49996527778,-6.4156687756324695,-6.924453038607469
58361.4999537037,-6.924453038607469,-6.939302159646388
59054.4999537037,-6.939302159646388,-6.860120913598763
59061.4999537037,-6.860120913598763,-6.8326826652518236
59327.4999537037,-6.8326826652518236,-5.0301183562535
