#MJD,index_target_1d,index_target_2d
57990.4999537037,2.22,2.13
58004.4999537037,2.13,2.08
58032.4999537037,2.08,2.64
58039.4999537037,2.64,2.45
58046.4999537037,2.45,2.11
58053.4999537037,2.11,5.0
58067.4999537037,5.0,5.0
58851.4999537037,5.0,3.16
59509.4999537037,3.16,3.85
59565.4999537037,3.85,3.29
