#MJD,flux_target_1d,flux_target_2d
57395.49996527778,-7.060480747381382,-7.017276612331455
58711.4999537037,-7.017276612331455,-7.06398920428479
58879.4999537037,-7.06398920428479,-6.943095148663527
58928.4999537037,-6.943095148663527,-7.011887159731648
