#MJD,flux_target_1d,flux_target_2d
57122.499976851854,-7.232844133917819,-7.074172425375258
57129.499976851854,-7.074172425375258,-7.0695604052333
57276.49996527778,-7.0695604052333,-7.09366495819491
58004.4999537037,-7.09366495819491,-7.0996328713435295
59138.4999537037,-7.0996328713435295,-7.044793462458058
59754.4999537037,-7.044793462458058,-7.161780778092374
