#MJD,index_lag_1,index_lag_2,index_lag_3,index_lag_4,index_lag_5,index_lag_6,index_rolling_mean_7,index_rolling_std_7,flux_lag_1,flux_lag_2,flux_lag_3,flux_lag_4,flux_lag_5,flux_lag_6,flux_rolling_mean_7,flux_rolling_std_7
55848.49998842592,3.69,2.98,6.01,2.25,2.24,2.79,3.18,1.35,-6.82102305270683,-7.166215625343521,-7.079354998593212,-7.2343314452409855,-7.108462542327436,-7.1732774798310075,-7.11,0.14
57038.499976851854,2.33,3.69,2.98,6.01,2.25,2.24,3.65,1.7,-7.181774106386045,-6.82102305270683,-7.166215625343521,-7.079354998593212,-7.2343314452409855,-7.108462542327436,-7.09,0.14
57605.49996527778,6.04,2.33,3.69,2.98,6.01,2.25,3.7,1.66,-7.0343280287798935,-7.181774106386045,-6.82102305270683,-7.166215625343521,-7.079354998593212,-7.2343314452409855,-7.0,0.26
59215.4999537037,2.6,6.04,2.33,3.69,2.98,6.01,3.78,1.59,-6.494850021680094,-7.0343280287798935,-7.181774106386045,-6.82102305270683,-7.166215625343521,-7.079354998593212,-7.0,0.26
