#MJD,index_target_1d,index_target_2d
59782.4999537037,8.69,2.92
59957.4999537037,2.92,7.72
60370.4999537037,7.72,8.05
60734.4999537037,8.05,2.79
