#MJD,flux_target_1d,flux_target_2d
58361.4999537037,-3.9430951486635273,-6.806875401645539
58732.4999537037,-6.806875401645539,-6.872895201635193
59579.4999537037,-6.872895201635193,-6.892790030352131
60167.4999537037,-6.892790030352131,-6.896196279044043
