#MJD,index_target_1d,index_target_2d
56849.499976851854,2.54,1.91
56898.499976851854,1.91,2.17
57073.499976851854,2.17,2.17
57080.499976851854,2.17,3.97
57087.499976851854,3.97,3.54
58326.4999537037,3.54,3.47
58641.4999537037,3.47,6.22
59061.4999537037,6.22,7.59
59901.4999537037,7.59,4.0
60272.4999537037,4.0,3.78
