#MJD,flux_lag_1,flux_lag_2,flux_lag_3,flux_lag_4,flux_lag_5,flux_lag_6,flux_rolling_mean_7,flux_rolling_std_7,index_lag_1,index_lag_2,index_lag_3,index_lag_4,index_lag_5,index_lag_6,index_rolling_mean_7,index_rolling_std_7
59096.4999537037,-6.863279432843593,-6.665546248849069,-6.749579997691106,-7.08460016478773,-6.467245621007502,-6.950781977329818,-6.82,0.21,3.41,4.62,3.59,3.78,3.44,3.14,3.51,0.62
59103.4999537037,-6.931814138253839,-6.863279432843593,-6.665546248849069,-6.749579997691106,-7.08460016478773,-6.467245621007502,-6.84,0.23,2.61,3.41,4.62,3.59,3.78,3.44,3.51,0.62
59264.4999537037,-7.104025267640935,-6.931814138253839,-6.863279432843593,-6.665546248849069,-6.749579997691106,-7.08460016478773,-6.88,0.17,3.09,2.61,3.41,4.62,3.59,3.78,3.51,0.62
59628.4999537037,-6.772113295386326,-7.104025267640935,-6.931814138253839,-6.863279432843593,-6.665546248849069,-6.749579997691106,-6.73,0.34,3.48,3.09,2.61,3.41,4.62,3.59,3.83,1.13
59943.4999537037,-6.032452023781138,-6.772113295386326,-7.104025267640935,-6.931814138253839,-6.863279432843593,-6.665546248849069,-6.76,0.35,5.99,3.48,3.09,2.61,3.41,4.62,3.74,1.18
59950.4999537037,-6.939302159646388,-6.032452023781138,-6.772113295386326,-7.104025267640935,-6.931814138253839,-6.863279432843593,-6.81,0.36,2.95,5.99,3.48,3.09,2.61,3.41,3.48,1.15
60321.4999537037,-7.010550182333308,-6.939302159646388,-6.032452023781138,-6.772113295386326,-7.104025267640935,-6.931814138253839,-6.85,0.38,2.85,2.95,5.99,3.48,3.09,2.61,3.43,1.16
60363.4999537037,-7.140861702705469,-7.010550182333308,-6.939302159646388,-6.032452023781138,-6.772113295386326,-7.104025267640935,-6.58,0.78,3.05,2.85,2.95,5.99,3.48,3.09,3.87,1.37
