#MJD,flux_lag_1,flux_lag_2,flux_lag_3,flux_lag_4,flux_lag_5,flux_lag_6,flux_rolling_mean_7,flux_rolling_std_7,index_lag_1,index_lag_2,index_lag_3,index_lag_4,index_lag_5,index_lag_6,index_rolling_mean_7,index_rolling_std_7
59635.4999537037,-7.079876673709276,-7.124360062995832,-7.11690664142431,-6.995678626217358,-7.064492734175287,-7.16304326294045,-7.08,0.06,4.27,3.15,6.45,4.27,3.71,3.27,4.23,1.11
59712.4999537037,-7.008330992620052,-7.079876673709276,-7.124360062995832,-7.11690664142431,-6.995678626217358,-7.064492734175287,-7.06,0.05,4.51,4.27,3.15,6.45,4.27,3.71,4.29,1.06
