#MJD,index_target_1d,index_target_2d
57115.499976851854,2.77,3.17
57332.49996527778,3.17,5.8
57626.49996527778,5.8,5.3
57976.4999537037,5.3,7.17
58151.4999537037,7.17,3.58
58347.4999537037,3.58,2.77
58942.4999537037,2.77,3.11
59033.4999537037,3.11,3.7
59040.4999537037,3.7,3.25
59831.4999537037,3.25,4.25
59873.4999537037,4.25,6.63
