#MJD,flux_lag_1,flux_lag_2,flux_lag_3,flux_lag_4,flux_lag_5,flux_lag_6,flux_rolling_mean_7,flux_rolling_std_7,index_lag_1,index_lag_2,index_lag_3,index_lag_4,index_lag_5,index_lag_6,index_rolling_mean_7,index_rolling_std_7
57591.49996527778,-7.08196966321512,-6.667561540084395,-7.279014255846261,-6.627087997029894,-7.232844133917819,-7.266000713461613,-7.01,0.28,3.43,3.45,3.3,5.03,2.65,5.92,3.89,1.15
59544.4999537037,-6.892790030352131,-7.08196966321512,-6.667561540084395,-7.279014255846261,-6.627087997029894,-7.232844133917819,-7.0,0.27,3.46,3.43,3.45,3.3,5.03,2.65,3.44,0.78
59761.4999537037,-7.213248577854439,-6.892790030352131,-7.08196966321512,-6.667561540084395,-7.279014255846261,-6.627087997029894,-7.01,0.28,2.73,3.46,3.43,3.45,3.3,5.03,3.39,0.84
59852.4999537037,-7.277366077466188,-7.213248577854439,-6.892790030352131,-7.08196966321512,-6.667561540084395,-7.279014255846261,-7.04,0.24,2.34,2.73,3.46,3.43,3.45,3.3,3.3,0.65
59922.4999537037,-6.872895201635193,-7.277366077466188,-7.213248577854439,-6.892790030352131,-7.08196966321512,-6.667561540084395,-7.0,0.21,4.41,2.34,2.73,3.46,3.43,3.45,3.38,0.68
60286.4999537037,-6.966576244513051,-6.872895201635193,-7.277366077466188,-7.213248577854439,-6.892790030352131,-7.08196966321512,-7.03,0.16,3.84,4.41,2.34,2.73,3.46,3.43,3.38,0.68
