#MJD,flux_target_1d,flux_target_2d
59306.4999537037,-6.94692155651658,-7.2335871528876
59579.4999537037,-7.2335871528876,-7.115771230367396
