#MJD,index_target_1d,index_target_2d
58172.4999537037,2.79,3.2
58774.4999537037,3.2,5.86
59460.4999537037,5.86,2.39
59698.4999537037,2.39,3.46
59740.4999537037,3.46,10.0
