#MJD,flux_target_1d,flux_target_2d
56513.499976851854,-7.192464971931146,-7.139063379299906
56814.499976851854,-7.139063379299906,-7.018634490921456
57563.49996527778,-7.018634490921456,-7.061480274823508
57955.4999537037,-7.061480274823508,-7.1444808443322
58480.4999537037,-7.1444808443322,-7.0400051616715835
59243.4999537037,-7.0400051616715835,-7.051587034221399
59271.4999537037,-7.051587034221399,-7.029188389127483
