#MJD,index_target_1d,index_target_2d
58361.4999537037,3.48,4.82
58732.4999537037,4.82,3.28
59579.4999537037,3.28,7.11
60167.4999537037,7.11,4.64
