#MJD,index_target_1d,index_target_2d
56331.499976851854,2.75,5.05
56408.499976851854,5.05,2.66
56422.499976851854,2.66,2.81
56506.499976851854,2.81,5.23
56653.499976851854,5.23,3.87
56814.499976851854,3.87,1.9
57003.499976851854,1.9,2.0
57234.49996527778,2.0,2.34
57815.4999537037,2.34,2.48
58081.4999537037,2.48,2.96
58186.4999537037,2.96,2.07
58277.4999537037,2.07,3.12
58970.4999537037,3.12,2.99
60307.4999537037,2.99,3.7
60650.4999537037,3.7,3.38
60678.4999537037,3.38,2.2
