#MJD,flux_target_1d,flux_target_2d
56170.499976851854,-7.0670191780768015,-7.0301183562535
56212.499976851854,-7.0301183562535,-6.958607314841775
56268.499976851854,-6.958607314841775,-7.120904120499927
57045.499976851854,-7.120904120499927,-6.991399828238082
57059.499976851854,-6.991399828238082,-6.995678626217358
57472.49996527778,-6.995678626217358,-7.045275209020937
58494.4999537037,-7.045275209020937,-7.064492734175287
59271.4999537037,-7.064492734175287,-7.025028005701931
