#MJD,flux_lag_1,flux_lag_2,flux_lag_3,flux_lag_4,flux_lag_5,flux_lag_6,flux_rolling_mean_7,flux_rolling_std_7,index_lag_1,index_lag_2,index_lag_3,index_lag_4,index_lag_5,index_lag_6,index_rolling_mean_7,index_rolling_std_7
56695.499976851854,-6.841637507904751,-7.130181792020672,-7.1249387366083,-7.149353764816934,-6.950781977329818,-7.015022873584507,-7.05,0.12,3.26,3.18,3.71,5.11,4.17,7.21,4.35,1.42
56814.499976851854,-7.11975822410452,-6.841637507904751,-7.130181792020672,-7.1249387366083,-7.149353764816934,-6.950781977329818,-7.03,0.13,3.81,3.26,3.18,3.71,5.11,4.17,3.67,0.83
56919.499976851854,-6.910094888560602,-7.11975822410452,-6.841637507904751,-7.130181792020672,-7.1249387366083,-7.149353764816934,-7.06,0.13,2.48,3.81,3.26,3.18,3.71,5.11,3.5,0.84
59621.4999537037,-7.147520006363144,-6.910094888560602,-7.11975822410452,-6.841637507904751,-7.130181792020672,-7.1249387366083,-7.04,0.12,2.97,2.48,3.81,3.26,3.18,3.71,3.25,0.45
