#MJD,index_target_1d,index_target_2d
55386.49998842592,3.13,3.36
55554.49998842592,3.36,3.08
55855.49998842592,3.08,2.63
55911.49998842592,2.63,4.59
56128.499976851854,4.59,5.72
56135.499976851854,5.72,3.11
56401.499976851854,3.11,3.13
56975.499976851854,3.13,5.87
57227.49996527778,5.87,2.72
57780.4999537037,2.72,6.94
57871.4999537037,6.94,4.06
