#MJD,flux_lag_1,flux_lag_2,flux_lag_3,flux_lag_4,flux_lag_5,flux_lag_6,flux_rolling_mean_7,flux_rolling_std_7,index_lag_1,index_lag_2,index_lag_3,index_lag_4,index_lag_5,index_lag_6,index_rolling_mean_7,index_rolling_std_7
56464.499976851854,-6.866461091629782,-7.059483515067432,-7.31695296176115,-7.162411561764489,-7.107905397309519,-7.2564902352715706,-7.12,0.15,4.28,4.5,2.1,2.28,3.31,3.73,3.53,1.01
56541.499976851854,-7.052566278112949,-6.866461091629782,-7.059483515067432,-7.31695296176115,-7.162411561764489,-7.107905397309519,-7.09,0.14,4.51,4.28,4.5,2.1,2.28,3.31,3.87,1.41
56786.499976851854,-7.080921907623926,-7.052566278112949,-6.866461091629782,-7.059483515067432,-7.31695296176115,-7.162411561764489,-7.07,0.14,6.1,4.51,4.28,4.5,2.1,2.28,4.28,1.62
57745.49996527778,-6.978810700930062,-7.080921907623926,-7.052566278112949,-6.866461091629782,-7.059483515067432,-7.31695296176115,-7.06,0.14,6.17,6.1,4.51,4.28,4.5,2.1,4.71,1.39
59698.4999537037,-7.047207556955908,-6.978810700930062,-7.080921907623926,-7.052566278112949,-6.866461091629782,-7.059483515067432,-7.04,0.09,5.32,6.17,6.1,4.51,4.28,4.5,4.83,1.13
60167.4999537037,-7.166215625343521,-7.047207556955908,-6.978810700930062,-7.080921907623926,-7.052566278112949,-6.866461091629782,-7.04,0.09,2.96,5.32,6.17,6.1,4.51,4.28,5.31,1.59
