#MJD,flux_target_1d,flux_target_2d
58452.4999537037,-6.815308569182402,-6.623423042943488
59390.4999537037,-6.623423042943488,-6.617982957425132
59705.4999537037,-6.617982957425132,-6.562249437179612
59740.4999537037,-6.562249437179612,-6.671620396561262
60279.4999537037,-6.671620396561262,-6.779891911959945
60475.4999537037,-6.779891911959945,-6.449771646944906
