#MJD,index_lag_1,index_lag_2,index_lag_3,index_lag_4,index_lag_5,index_lag_6,index_rolling_mean_7,index_rolling_std_7,flux_lag_1,flux_lag_2,flux_lag_3,flux_lag_4,flux_lag_5,flux_lag_6,flux_rolling_mean_7,flux_rolling_std_7
57528.49996527778,6.27,3.76,4.19,2.87,3.95,5.51,4.18,1.3,-7.026410376572743,-7.217527375833714,-7.187755303199631,-6.935542010773082,-6.958607314841775,-7.066512712151295,-7.09,0.12
57682.49996527778,2.74,6.27,3.76,4.19,2.87,3.95,3.73,1.32,-7.215382707367125,-7.026410376572743,-7.217527375833714,-7.187755303199631,-6.935542010773082,-6.958607314841775,-7.1,0.12
59096.4999537037,2.3,2.74,6.27,3.76,4.19,2.87,3.6,1.34,-7.175223537524454,-7.215382707367125,-7.026410376572743,-7.217527375833714,-7.187755303199631,-6.935542010773082,-7.07,0.18
59439.4999537037,3.04,2.3,2.74,6.27,3.76,4.19,3.7,1.3,-6.739928612014925,-7.175223537524454,-7.215382707367125,-7.026410376572743,-7.217527375833714,-7.187755303199631,-7.07,0.18
59481.4999537037,3.57,3.04,2.3,2.74,6.27,3.76,3.44,1.37,-6.935542010773082,-6.739928612014925,-7.175223537524454,-7.215382707367125,-7.026410376572743,-7.217527375833714,-7.08,0.19
59628.4999537037,2.38,3.57,3.04,2.3,2.74,6.27,3.16,1.48,-7.262807357295263,-6.935542010773082,-6.739928612014925,-7.175223537524454,-7.215382707367125,-7.026410376572743,-7.09,0.19
60412.4999537037,1.81,2.38,3.57,3.04,2.3,2.74,2.8,0.71,-7.243363891754152,-7.262807357295263,-6.935542010773082,-6.739928612014925,-7.175223537524454,-7.215382707367125,-7.09,0.19
60706.4999537037,3.76,1.81,2.38,3.57,3.04,2.3,3.21,1.27,-7.066512712151295,-7.243363891754152,-7.262807357295263,-6.935542010773082,-6.739928612014925,-7.175223537524454,-7.01,0.24
