#MJD,index_target_1d,index_target_2d
56450.499976851854,2.39,2.2
56457.499976851854,2.2,2.63
56464.499976851854,2.63,3.77
56471.499976851854,3.77,2.55
56520.499976851854,2.55,3.16
56541.499976851854,3.16,2.98
56576.499976851854,2.98,2.94
56716.499976851854,2.94,4.75
57395.49996527778,4.75,3.15
57934.4999537037,3.15,5.0
58263.4999537037,5.0,3.36
58655.4999537037,3.36,2.96
59201.4999537037,2.96,5.0
