#MJD,flux_target_1d,flux_target_2d
58438.4999537037,-6.8696662315049934,-7.0030507515046185
60090.4999537037,-7.0030507515046185,-6.769551078621726
