#MJD,index_target_1d,index_target_2d
56674.499976851854,4.99,7.33
56898.499976851854,7.33,4.08
56947.499976851854,4.08,2.95
57612.49996527778,2.95,2.18
58249.4999537037,2.18,4.19
58347.4999537037,4.19,4.19
58627.4999537037,4.19,3.94
58697.4999537037,3.94,2.8
58928.4999537037,2.8,3.04
59089.4999537037,3.04,2.7
59159.4999537037,2.7,2.95
60062.4999537037,2.95,2.98
60622.4999537037,2.98,3.55
60650.4999537037,3.55,2.26
