#MJD,index_target_1d,index_target_2d
56513.499976851854,4.27,3.58
57045.499976851854,3.58,4.88
57577.49996527778,4.88,5.59
57612.49996527778,5.59,1.49
57843.4999537037,1.49,2.95
58382.4999537037,2.95,4.1
58515.4999537037,4.1,3.76
59579.4999537037,3.76,2.66
60006.4999537037,2.66,3.17
