#MJD,index_lag_1,index_lag_2,index_lag_3,index_lag_4,index_lag_5,index_lag_6,index_rolling_mean_7,index_rolling_std_7,flux_lag_1,flux_lag_2,flux_lag_3,flux_lag_4,flux_lag_5,flux_lag_6,flux_rolling_mean_7,flux_rolling_std_7
57801.4999537037,3.42,3.94,4.72,3.48,5.08,2.63,3.86,0.83,-7.104025267640935,-7.032452023781138,-6.995678626217358,-6.903089986991944,-7.102372908709558,-7.028260409112222,-7.04,0.07
58109.4999537037,3.74,3.42,3.94,4.72,3.48,5.08,3.93,0.71,-7.104577453960592,-7.104025267640935,-7.032452023781138,-6.995678626217358,-6.903089986991944,-7.102372908709558,-7.05,0.08
58116.4999537037,3.16,3.74,3.42,3.94,4.72,3.48,3.78,0.51,-7.077793722560983,-7.104577453960592,-7.104025267640935,-7.032452023781138,-6.995678626217358,-6.903089986991944,-7.04,0.07
58137.4999537037,4.0,3.16,3.74,3.42,3.94,4.72,3.77,0.52,-7.035269078946371,-7.077793722560983,-7.104577453960592,-7.104025267640935,-7.032452023781138,-6.995678626217358,-7.07,0.05
58375.4999537037,3.41,4.0,3.16,3.74,3.42,3.94,3.42,0.6,-7.1432711096171175,-7.035269078946371,-7.077793722560983,-7.104577453960592,-7.104025267640935,-7.032452023781138,-7.07,0.05
58417.4999537037,2.24,3.41,4.0,3.16,3.74,3.42,3.6,0.91,-6.987162775294828,-7.1432711096171175,-7.035269078946371,-7.077793722560983,-7.104577453960592,-7.104025267640935,-7.07,0.05
