#MJD,index_target_1d,index_target_2d
57591.49996527778,3.77,6.66
57899.4999537037,6.66,5.25
58480.4999537037,5.25,5.28
59166.4999537037,5.28,3.69
