#MJD,index_target_1d,index_target_2d
55736.49998842592,3.9,3.09
56443.499976851854,3.09,3.03
56562.499976851854,3.03,4.04
56590.499976851854,4.04,2.47
56688.499976851854,2.47,4.01
57101.499976851854,4.01,3.59
57164.499976851854,3.59,5.46
57171.499976851854,5.46,5.34
57290.49996527778,5.34,6.54
57409.49996527778,6.54,4.44
57591.49996527778,4.44,4.42
58347.4999537037,4.42,5.99
58816.4999537037,5.99,4.33
59166.4999537037,4.33,6.84
59887.4999537037,6.84,4.74
