#MJD,index_target_1d,index_target_2d
57381.49996527778,3.01,2.42
57388.49996527778,2.42,9.2
57955.4999537037,9.2,5.44
57962.4999537037,5.44,3.11
58326.4999537037,3.11,10.0
58571.4999537037,10.0,4.36
58760.4999537037,4.36,10.0
59215.4999537037,10.0,8.32
59369.4999537037,8.32,3.37
59495.4999537037,3.37,7.82
60867.4999537037,7.82,9.12
60874.4999537037,9.12,7.8
