#MJD,index_lag_1,index_lag_2,index_lag_3,index_lag_4,index_lag_5,index_lag_6,index_rolling_mean_7,index_rolling_std_7,flux_lag_1,flux_lag_2,flux_lag_3,flux_lag_4,flux_lag_5,flux_lag_6,flux_rolling_mean_7,flux_rolling_std_7
57241.49996527778,2.4,3.6,2.59,4.1,3.51,5.0,3.57,0.89,-7.303643611266668,-7.243363891754152,-7.201349354554731,-7.220403508742176,-7.196542884351586,-7.105683937315561,-7.2,0.07
58515.4999537037,3.78,2.4,3.6,2.59,4.1,3.51,3.57,0.89,-7.127843727251707,-7.303643611266668,-7.243363891754152,-7.201349354554731,-7.220403508742176,-7.196542884351586,-6.92,0.78
58578.4999537037,5.0,3.78,2.4,3.6,2.59,4.1,3.78,1.04,-5.145086977692144,-7.127843727251707,-7.303643611266668,-7.243363891754152,-7.201349354554731,-7.220403508742176,-6.93,0.79
59355.4999537037,5.0,5.0,3.78,2.4,3.6,2.59,3.61,1.08,-7.257274868695302,-5.145086977692144,-7.127843727251707,-7.303643611266668,-7.243363891754152,-7.201349354554731,-6.93,0.79
60041.4999537037,2.87,5.0,5.0,3.78,2.4,3.6,3.68,1.01,-7.259637310505756,-7.257274868695302,-5.145086977692144,-7.127843727251707,-7.303643611266668,-7.243363891754152,-6.94,0.79
