#MJD,flux_target_1d,flux_target_2d
56695.499976851854,-6.910094888560602,-7.147520006363144
56814.499976851854,-7.147520006363144,-7.015022873584507
56919.499976851854,-7.015022873584507,-6.841637507904751
59621.4999537037,-6.841637507904751,-7.064492734175287
