#MJD,index_target_1d,index_target_2d
59586.4999537037,5.33,4.54
59740.4999537037,4.54,2.46
