#MJD,flux_target_1d,flux_target_2d
56702.499976851854,-6.889410289700751,-6.966576244513051
56758.499976851854,-6.966576244513051,-6.8996294548824375
56968.499976851854,-6.8996294548824375,-6.991399828238082
57276.49996527778,-6.991399828238082,-6.82102305270683
57843.4999537037,-6.82102305270683,-6.982966660701219
58788.4999537037,-6.982966660701219,-6.954677021213342
59033.4999537037,-6.954677021213342,-6.928117992693875
