#MJD,index_target_1d,index_target_2d
56471.499976851854,5.0,5.0
56492.499976851854,5.0,4.99
56793.499976851854,4.99,5.0
56814.499976851854,5.0,3.88
57584.49996527778,3.88,5.0
57745.49996527778,5.0,3.8
58130.4999537037,3.8,5.0
58865.4999537037,5.0,5.0
58921.4999537037,5.0,4.36
59054.4999537037,4.36,5.0
59082.4999537037,5.0,3.06
60041.4999537037,3.06,5.0
60160.4999537037,5.0,5.0
60174.4999537037,5.0,5.0
