#MJD,index_target_1d,index_target_2d
58550.4999537037,3.76,3.61
59159.4999537037,3.61,3.06
59250.4999537037,3.06,3.69
59929.4999537037,3.69,6.33
59957.4999537037,6.33,2.74
