#MJD,flux_target_1d,flux_target_2d
57689.49996527778,-6.958607314841775,-6.806875401645539
57710.49996527778,-6.806875401645539,-6.82102305270683
57871.4999537037,-6.82102305270683,-6.962573502059376
57976.4999537037,-6.962573502059376,-6.866461091629782
