#MJD,index_lag_1,index_lag_2,index_lag_3,index_lag_4,index_lag_5,index_lag_6,index_rolling_mean_7,index_rolling_std_7,flux_lag_1,flux_lag_2,flux_lag_3,flux_lag_4,flux_lag_5,flux_lag_6,flux_rolling_mean_7,flux_rolling_std_7
56562.499976851854,2.2,5.82,3.51,3.57,4.62,7.7,4.33,1.89,-6.860120913598763,-6.913640169325252,-6.97469413473523,-6.749579997691106,-7.005243055412372,-7.023191662661934,-6.94,0.1
56716.499976851854,2.89,2.2,5.82,3.51,3.57,4.62,4.33,1.89,-7.0301183562535,-6.860120913598763,-6.913640169325252,-6.97469413473523,-6.749579997691106,-7.005243055412372,-6.94,0.11
56779.499976851854,7.67,2.89,2.2,5.82,3.51,3.57,4.33,1.89,-7.06198090252379,-7.0301183562535,-6.860120913598763,-6.913640169325252,-6.97469413473523,-6.749579997691106,-6.96,0.12
58263.4999537037,4.65,7.67,2.89,2.2,5.82,3.51,4.27,1.92,-7.100726812682396,-7.06198090252379,-7.0301183562535,-6.860120913598763,-6.913640169325252,-6.97469413473523,-7.0,0.09
58599.4999537037,3.13,4.65,7.67,2.89,2.2,5.82,4.34,1.9,-7.054531414868181,-7.100726812682396,-7.06198090252379,-7.0301183562535,-6.860120913598763,-6.913640169325252,-6.99,0.09
58676.4999537037,4.01,3.13,4.65,7.67,2.89,2.2,4.11,1.78,-6.910094888560602,-7.054531414868181,-7.100726812682396,-7.06198090252379,-7.0301183562535,-6.860120913598763,-7.0,0.09
59124.4999537037,4.25,4.01,3.13,4.65,7.67,2.89,4.72,1.75,-6.982966660701219,-6.910094888560602,-7.054531414868181,-7.100726812682396,-7.06198090252379,-7.0301183562535,-6.79,0.62
59775.4999537037,6.45,4.25,4.01,3.13,4.65,7.67,4.87,1.61,-5.388276691992658,-6.982966660701219,-6.910094888560602,-7.054531414868181,-7.100726812682396,-7.06198090252379,-6.77,0.61
60566.4999537037,3.91,6.45,4.25,4.01,3.13,4.65,4.72,1.32,-6.910094888560602,-5.388276691992658,-6.982966660701219,-6.910094888560602,-7.054531414868181,-7.100726812682396,-6.74,0.6
