#MJD,flux_lag_1,flux_lag_2,flux_lag_3,flux_lag_4,flux_lag_5,flux_lag_6,flux_rolling_mean_7,flux_rolling_std_7,index_lag_1,index_lag_2,index_lag_3,index_lag_4,index_lag_5,index_lag_6,index_rolling_mean_7,index_rolling_std_7
58193.4999537037,-7.242603971206976,-7.208309350979882,-7.20342566678957,-7.0762380391713,-7.0675262353228465,-7.047691990337875,-7.13,0.08,2.32,2.28,2.35,2.31,2.06,2.42,2.31,0.12
59292.4999537037,-7.06398920428479,-7.242603971206976,-7.208309350979882,-7.20342566678957,-7.0762380391713,-7.0675262353228465,-7.14,0.08,2.4,2.32,2.28,2.35,2.31,2.06,2.27,0.12
59691.4999537037,-7.09799710864927,-7.06398920428479,-7.242603971206976,-7.208309350979882,-7.20342566678957,-7.0762380391713,-7.08,0.19,2.14,2.4,2.32,2.28,2.35,2.31,2.28,0.09
59698.4999537037,-6.696803942579511,-7.09799710864927,-7.06398920428479,-7.242603971206976,-7.208309350979882,-7.20342566678957,-7.09,0.19,2.18,2.14,2.4,2.32,2.28,2.35,2.27,0.09
59726.4999537037,-7.0835460514500745,-6.696803942579511,-7.09799710864927,-7.06398920428479,-7.242603971206976,-7.208309350979882,-7.08,0.18,2.22,2.18,2.14,2.4,2.32,2.28,2.27,0.09
59733.4999537037,-7.200659450546419,-7.0835460514500745,-6.696803942579511,-7.09799710864927,-7.06398920428479,-7.242603971206976,-7.08,0.18,2.35,2.22,2.18,2.14,2.4,2.32,2.25,0.1
