#MJD,index_target_1d,index_target_2d
58438.4999537037,3.24,3.09
58480.4999537037,3.09,3.36
59180.4999537037,3.36,3.92
59551.4999537037,3.92,5.0
59705.4999537037,5.0,5.0
59817.4999537037,5.0,3.91
60167.4999537037,3.91,2.17
60216.4999537037,2.17,3.8
60230.4999537037,3.8,5.0
60300.4999537037,5.0,4.15
60398.4999537037,4.15,2.67
60692.4999537037,2.67,3.09
60769.4999537037,3.09,3.49
60790.4999537037,3.49,5.0
60867.4999537037,5.0,5.0
60888.4999537037,5.0,3.54
