#MJD,index_target_1d,index_target_2d
58263.4999537037,1.84,2.92
58746.4999537037,2.92,1.72
59117.4999537037,1.72,1.66
59740.4999537037,1.66,1.63
59747.4999537037,1.63,1.8
59754.4999537037,1.8,2.06
59782.4999537037,2.06,2.01
59845.4999537037,2.01,2.6
59887.4999537037,2.6,3.25
60006.4999537037,3.25,2.24
