#MJD,flux_target_1d,flux_target_2d
55848.49998842592,-7.0343280287798935,-6.494850021680094
57038.499976851854,-6.494850021680094,-7.229884705212898
57605.49996527778,-7.229884705212898,-7.216096420727265
59215.4999537037,-7.216096420727265,-7.189767482004916
