#MJD,index_target_1d,index_target_2d
57493.49996527778,3.62,2.87
58186.4999537037,2.87,5.0
58697.4999537037,5.0,4.76
58739.4999537037,4.76,4.5
59873.4999537037,4.5,3.87
60034.4999537037,3.87,5.0
60419.4999537037,5.0,5.0
