#MJD,flux_target_1d,flux_target_2d
56821.499976851854,-6.982966660701219,-6.467245621007502
57437.49996527778,-6.467245621007502,-6.628932137728264
57605.49996527778,-6.628932137728264,-7.022733787572707
58235.4999537037,-7.022733787572707,-7.012333735073725
58606.4999537037,-7.012333735073725,-6.987162775294828
58935.4999537037,-6.987162775294828,-6.97061622231479
59418.4999537037,-6.97061622231479,1.414973347970818
59551.4999537037,1.414973347970818,3.4149733479708178
