#MJD,flux_lag_1,flux_lag_2,flux_lag_3,flux_lag_4,flux_lag_5,flux_lag_6,flux_rolling_mean_7,flux_rolling_std_7,index_lag_1,index_lag_2,index_lag_3,index_lag_4,index_lag_5,index_lag_6,index_rolling_mean_7,index_rolling_std_7
58263.4999537037,-7.1073489661227,-7.064492734175287,-7.129596094720973,-7.200659450546419,-7.187755303199631,-7.101274818410507,-7.12,0.06,6.47,4.31,4.96,2.44,2.38,2.98,3.97,1.49
59082.4999537037,-7.024568191490737,-7.1073489661227,-7.064492734175287,-7.129596094720973,-7.200659450546419,-7.187755303199631,-7.13,0.07,4.27,6.47,4.31,4.96,2.44,2.38,3.93,1.53
59292.4999537037,-7.204119982655925,-7.024568191490737,-7.1073489661227,-7.064492734175287,-7.129596094720973,-7.200659450546419,-7.11,0.08,2.68,4.27,6.47,4.31,4.96,2.44,4.13,1.37
59635.4999537037,-7.00436480540245,-7.204119982655925,-7.024568191490737,-7.1073489661227,-7.064492734175287,-7.129596094720973,-7.11,0.08,3.81,2.68,4.27,6.47,4.31,4.96,4.16,1.34
59754.4999537037,-7.20690839982342,-7.00436480540245,-7.204119982655925,-7.024568191490737,-7.1073489661227,-7.064492734175287,-7.09,0.08,2.62,3.81,2.68,4.27,6.47,4.31,3.85,1.37
59950.4999537037,-7.0301183562535,-7.20690839982342,-7.00436480540245,-7.204119982655925,-7.024568191490737,-7.1073489661227,-6.75,0.92,2.78,2.62,3.81,2.68,4.27,6.47,3.9,1.4
60524.4999537037,-4.681936665037238,-7.0301183562535,-7.20690839982342,-7.00436480540245,-7.204119982655925,-7.024568191490737,-6.74,0.91,4.7,2.78,2.62,3.81,2.68,4.27,3.3,0.95
