#MJD,index_target_1d,index_target_2d
58683.4999537037,2.23,5.0
58809.4999537037,5.0,5.0
59005.4999537037,5.0,4.28
59012.4999537037,4.28,3.66
59376.4999537037,3.66,5.0
59383.4999537037,5.0,3.43
59747.4999537037,3.43,3.54
59831.4999537037,3.54,4.71
59929.4999537037,4.71,5.0
59943.4999537037,5.0,4.94
60104.4999537037,4.94,5.0
60489.4999537037,5.0,2.2
60692.4999537037,2.2,2.76
