#MJD,index_target_1d,index_target_2d
56639.499976851854,3.11,2.32
58291.4999537037,2.32,5.0
58669.4999537037,5.0,3.78
58991.4999537037,3.78,3.8
59096.4999537037,3.8,2.31
59859.4999537037,2.31,3.35
60545.4999537037,3.35,2.98
60692.4999537037,2.98,2.58
