#MJD,index_target_1d,index_target_2d
56702.499976851854,2.62,5.62
56758.499976851854,5.62,4.55
56968.499976851854,4.55,3.27
57276.49996527778,3.27,4.67
57843.4999537037,4.67,7.67
58788.4999537037,7.67,5.85
59033.4999537037,5.85,5.09
