#MJD,index_target_1d,index_target_2d
56807.499976851854,7.6,7.66
57171.499976851854,7.66,5.72
57465.49996527778,5.72,2.55
58193.4999537037,2.55,4.34
58312.4999537037,4.34,3.51
58396.4999537037,3.51,4.02
58648.4999537037,4.02,4.63
58655.4999537037,4.63,4.05
58809.4999537037,4.05,6.64
59068.4999537037,6.64,4.16
59243.4999537037,4.16,2.69
59740.4999537037,2.69,7.79
59999.4999537037,7.79,7.0
60034.4999537037,7.0,4.28
60160.4999537037,4.28,4.52
