#MJD,flux_lag_1,flux_lag_2,flux_lag_3,flux_lag_4,flux_lag_5,flux_lag_6,flux_rolling_mean_7,flux_rolling_std_7,index_lag_1,index_lag_2,index_lag_3,index_lag_4,index_lag_5,index_lag_6,index_rolling_mean_7,index_rolling_std_7
57787.4999537037,-6.896196279044043,-7.0195421077238995,-6.97061622231479,-6.995678626217358,-6.958607314841775,-6.518557371497695,-6.91,0.18,2.46,3.46,8.1,8.08,2.61,2.08,4.18,2.7
57794.4999537037,-6.995678626217358,-6.896196279044043,-7.0195421077238995,-6.97061622231479,-6.995678626217358,-6.958607314841775,-6.98,0.05,2.47,2.46,3.46,8.1,8.08,2.61,4.2,2.69
