#MJD,index_target_1d,index_target_2d
57584.49996527778,2.32,2.46
57696.49996527778,2.46,2.23
57703.49996527778,2.23,3.07
57710.49996527778,3.07,2.62
57738.49996527778,2.62,3.1
