#MJD,index_target_1d,index_target_2d
58438.4999537037,4.27,4.26
60090.4999537037,4.26,4.76
