#MJD,index_lag_1,index_lag_2,index_lag_3,index_lag_4,index_lag_5,index_lag_6,index_rolling_mean_7,index_rolling_std_7,flux_lag_1,flux_lag_2,flux_lag_3,flux_lag_4,flux_lag_5,flux_lag_6,flux_rolling_mean_7,flux_rolling_std_7
57115.499976851854,4.17,4.36,2.64,4.54,7.44,4.52,4.61,1.42,-6.841637507904751,-6.889410289700751,-6.913640169325252,-6.991399828238082,-7.080398976215889,-6.913640169325252,-6.94,0.08
57948.4999537037,4.59,4.17,4.36,2.64,4.54,7.44,4.6,1.42,-6.943095148663527,-6.841637507904751,-6.889410289700751,-6.913640169325252,-6.991399828238082,-7.080398976215889,-6.95,0.08
57969.4999537037,4.46,4.59,4.17,4.36,2.64,4.54,3.91,0.89,-6.991399828238082,-6.943095148663527,-6.841637507904751,-6.889410289700751,-6.913640169325252,-6.991399828238082,-6.93,0.06
58116.4999537037,2.6,4.46,4.59,4.17,4.36,2.64,3.84,0.85,-6.97061622231479,-6.991399828238082,-6.943095148663527,-6.841637507904751,-6.889410289700751,-6.913640169325252,-6.91,0.07
58235.4999537037,4.09,2.6,4.46,4.59,4.17,4.36,3.92,0.75,-6.806875401645539,-6.97061622231479,-6.991399828238082,-6.943095148663527,-6.841637507904751,-6.889410289700751,-6.92,0.08
59257.4999537037,3.17,4.09,2.6,4.46,4.59,4.17,3.55,1.07,-7.0034883278458215,-6.806875401645539,-6.97061622231479,-6.991399828238082,-6.943095148663527,-6.841637507904751,-6.94,0.09
59292.4999537037,1.74,3.17,4.09,2.6,4.46,4.59,3.76,1.34,-7.057495893831919,-7.0034883278458215,-6.806875401645539,-6.97061622231479,-6.991399828238082,-6.943095148663527,-6.92,0.13
59607.4999537037,5.67,1.74,3.17,4.09,2.6,4.46,3.63,1.29,-6.675717544702307,-7.057495893831919,-7.0034883278458215,-6.806875401645539,-6.97061622231479,-6.991399828238082,-6.9,0.14
