#MJD,flux_target_1d,flux_target_2d
58494.4999537037,-7.266802734893431,-7.275724130399211
59033.4999537037,-7.275724130399211,-7.09366495819491
59537.4999537037,-7.09366495819491,-7.173925197299173
59761.4999537037,-7.173925197299173,-7.214670164989233
59824.4999537037,-7.214670164989233,-7.2549252084179425
60069.4999537037,-7.2549252084179425,-7.23210238398191
