#MJD,flux_lag_1,flux_lag_2,flux_lag_3,flux_lag_4,flux_lag_5,flux_lag_6,flux_rolling_mean_7,flux_rolling_std_7,index_lag_1,index_lag_2,index_lag_3,index_lag_4,index_lag_5,index_lag_6,index_rolling_mean_7,index_rolling_std_7
56891.499976851854,-6.872895201635193,-6.856985199745905,-6.801342913045577,-6.804100347590766,-6.8297382846050425,-6.913640169325252,-6.81,0.11,3.49,3.35,3.11,4.21,3.39,4.32,3.63,0.46
57101.499976851854,-6.565431095965801,-6.872895201635193,-6.856985199745905,-6.801342913045577,-6.804100347590766,-6.8297382846050425,-6.8,0.11,3.51,3.49,3.35,3.11,4.21,3.39,3.39,0.47
58305.4999537037,-6.863279432843593,-6.565431095965801,-6.872895201635193,-6.856985199745905,-6.801342913045577,-6.804100347590766,-6.81,0.11,2.66,3.51,3.49,3.35,3.11,4.21,3.6,0.73
58340.4999537037,-6.903089986991944,-6.863279432843593,-6.565431095965801,-6.872895201635193,-6.856985199745905,-6.801342913045577,-6.57,0.65,4.87,2.66,3.51,3.49,3.35,3.11,4.43,2.55
58389.4999537037,-5.1180450286604,-6.903089986991944,-6.863279432843593,-6.565431095965801,-6.872895201635193,-6.856985199745905,-6.48,0.65,10.0,4.87,2.66,3.51,3.49,3.35,4.33,2.62
