#MJD,index_target_1d,index_target_2d
56814.499976851854,3.39,2.88
57087.499976851854,2.88,2.82
57171.499976851854,2.82,3.7
57234.49996527778,3.7,4.62
57696.49996527778,4.62,2.16
57752.49996527778,2.16,5.29
57808.4999537037,5.29,2.37
57822.4999537037,2.37,3.5
57836.4999537037,3.5,3.43
58424.4999537037,3.43,5.72
