#MJD,index_lag_1,index_lag_2,index_lag_3,index_lag_4,index_lag_5,index_lag_6,index_rolling_mean_7,index_rolling_std_7,flux_lag_1,flux_lag_2,flux_lag_3,flux_lag_4,flux_lag_5,flux_lag_6,flux_rolling_mean_7,flux_rolling_std_7
58592.4999537037,2.83,2.55,3.47,4.22,3.12,5.17,3.4,0.99,-6.804100347590766,-6.928117992693875,-6.913640169325252,-6.767003889607846,-6.950781977329818,-6.7447274948966935,-6.86,0.09
59873.4999537037,2.43,2.83,2.55,3.47,4.22,3.12,3.71,1.72,-6.943095148663527,-6.804100347590766,-6.928117992693875,-6.913640169325252,-6.767003889607846,-6.950781977329818,-6.89,0.07
59957.4999537037,7.35,2.43,2.83,2.55,3.47,4.22,3.73,1.71,-6.935542010773082,-6.943095148663527,-6.804100347590766,-6.928117992693875,-6.913640169325252,-6.767003889607846,-6.89,0.07
60202.4999537037,3.26,7.35,2.43,2.83,2.55,3.47,3.46,1.77,-6.943095148663527,-6.935542010773082,-6.943095148663527,-6.804100347590766,-6.928117992693875,-6.913640169325252,-6.91,0.05
