#MJD,index_lag_1,index_lag_2,index_lag_3,index_lag_4,index_lag_5,index_lag_6,index_rolling_mean_7,index_rolling_std_7,flux_lag_1,flux_lag_2,flux_lag_3,flux_lag_4,flux_lag_5,flux_lag_6,flux_rolling_mean_7,flux_rolling_std_7
58172.4999537037,3.61,2.42,3.91,4.36,6.0,2.67,3.77,1.19,-7.075204004202088,-7.2076083105017466,-7.206209615309182,-7.06198090252379,-7.018181392829336,-7.235077015350112,-7.15,0.09
58774.4999537037,3.42,3.61,2.42,3.91,4.36,6.0,3.79,1.17,-7.212539525481585,-7.075204004202088,-7.2076083105017466,-7.206209615309182,-7.06198090252379,-7.018181392829336,-7.14,0.09
59460.4999537037,2.79,3.42,3.61,2.42,3.91,4.36,3.39,0.66,-7.229884705212898,-7.212539525481585,-7.075204004202088,-7.2076083105017466,-7.206209615309182,-7.06198090252379,-7.17,0.07
59698.4999537037,3.2,2.79,3.42,3.61,2.42,3.91,3.6,1.11,-7.1944991418416,-7.229884705212898,-7.212539525481585,-7.075204004202088,-7.2076083105017466,-7.206209615309182,-7.18,0.05
59740.4999537037,5.86,3.2,2.79,3.42,3.61,2.42,3.38,1.19,-7.1487416512809245,-7.1944991418416,-7.229884705212898,-7.212539525481585,-7.075204004202088,-7.2076083105017466,-7.17,0.06
