#MJD,index_target_1d,index_target_2d
56527.499976851854,2.99,6.62
56604.499976851854,6.62,4.63
56737.499976851854,4.63,6.58
56996.499976851854,6.58,3.23
57143.499976851854,3.23,2.76
57521.49996527778,2.76,5.57
57843.4999537037,5.57,6.05
57913.4999537037,6.05,6.33
59026.4999537037,6.33,3.85
59131.4999537037,3.85,4.42
59803.4999537037,4.42,5.62
