#MJD,flux_target_1d,flux_target_2d
57598.49996527778,-7.136677139879544,-1.3635121036466347
58494.4999537037,-1.3635121036466347,-7.193141970481182
59334.4999537037,-7.193141970481182,-6.8696662315049934
59691.4999537037,-6.8696662315049934,-7.188424994129407
59901.4999537037,-7.188424994129407,-7.1979107421182675
60006.4999537037,-7.1979107421182675,-7.050609993355087
60195.4999537037,-7.050609993355087,8.565847818673518
