#MJD,flux_lag_1,flux_lag_2,flux_lag_3,flux_lag_4,flux_lag_5,flux_lag_6,flux_rolling_mean_7,flux_rolling_std_7,index_lag_1,index_lag_2,index_lag_3,index_lag_4,index_lag_5,index_lag_6,index_rolling_mean_7,index_rolling_std_7
56443.499976851854,-6.924453038607469,-7.012780770091995,-6.954677021213342,-7.0301183562535,-7.026410376572743,-6.950781977329818,-6.99,0.04,2.81,3.3,4.92,3.29,2.56,3.18,3.74,1.28
56639.499976851854,-7.024108863598207,-6.924453038607469,-7.012780770091995,-6.954677021213342,-7.0301183562535,-7.026410376572743,-6.97,0.08,6.09,2.81,3.3,4.92,3.29,2.56,4.27,1.72
56807.499976851854,-6.801342913045577,-7.024108863598207,-6.924453038607469,-7.012780770091995,-6.954677021213342,-7.0301183562535,-6.96,0.08,6.92,6.09,2.81,3.3,4.92,3.29,4.36,1.63
56835.499976851854,-6.991399828238082,-6.801342913045577,-7.024108863598207,-6.924453038607469,-7.012780770091995,-6.954677021213342,-6.95,0.08,3.18,6.92,6.09,2.81,3.3,4.92,4.94,1.89
56926.499976851854,-6.966576244513051,-6.991399828238082,-6.801342913045577,-7.024108863598207,-6.924453038607469,-7.012780770091995,-6.95,0.08,7.38,3.18,6.92,6.09,2.81,3.3,5.46,2.33
58025.4999537037,-6.924453038607469,-6.966576244513051,-6.991399828238082,-6.801342913045577,-7.024108863598207,-6.924453038607469,-6.94,0.07,8.56,7.38,3.18,6.92,6.09,2.81,5.93,2.15
58235.4999537037,-6.94692155651658,-6.924453038607469,-6.966576244513051,-6.991399828238082,-6.801342913045577,-7.024108863598207,-6.91,0.11,6.58,8.56,7.38,3.18,6.92,6.09,5.9,2.21
59628.4999537037,-6.703334809738469,-6.94692155651658,-6.924453038607469,-6.966576244513051,-6.991399828238082,-6.801342913045577,-6.9,0.11,2.58,6.58,8.56,7.38,3.18,6.92,5.52,2.39
