#MJD,index_target_1d,index_target_2d
56072.49998842592,3.56,7.13
56079.49998842592,7.13,4.09
56933.499976851854,4.09,6.65
58830.4999537037,6.65,3.83
58942.4999537037,3.83,4.56
59082.4999537037,4.56,4.87
59194.4999537037,4.87,3.49
59222.4999537037,3.49,9.68
59467.4999537037,9.68,3.7
59502.4999537037,3.7,7.27
59782.4999537037,7.27,4.19
60727.4999537037,4.19,3.29
60867.4999537037,3.29,8.55
