#MJD,index_target_1d,index_target_2d
56737.499976851854,2.48,3.34
57171.499976851854,3.34,10.0
57913.4999537037,10.0,2.36
58466.4999537037,2.36,2.78
58529.4999537037,2.78,2.48
58683.4999537037,2.48,2.06
58872.4999537037,2.06,6.06
59299.4999537037,6.06,1.9
