#MJD,index_target_1d,index_target_2d
56429.499976851854,2.46,2.37
56520.499976851854,2.37,2.33
56527.499976851854,2.33,7.54
56555.499976851854,7.54,7.71
56625.499976851854,7.71,7.21
56667.499976851854,7.21,2.51
56912.499976851854,2.51,3.38
57374.49996527778,3.38,3.01
58529.4999537037,3.01,7.31
58886.4999537037,7.31,7.1
59355.4999537037,7.1,3.61
59838.4999537037,3.61,3.27
60181.4999537037,3.27,2.51
