#MJD,flux_target_1d,flux_target_2d
58522.4999537037,-6.73754891026957,-6.663540266151471
59432.4999537037,-6.663540266151471,-6.978810700930062
60153.4999537037,-6.978810700930062,-6.924453038607469
60503.4999537037,-6.924453038607469,-6.841637507904751
60517.4999537037,-6.841637507904751,-6.779891911959945
