#MJD,index_target_1d,index_target_2d
55883.49998842592,5.0,5.0
56023.49998842592,5.0,5.0
56359.499976851854,5.0,2.96
57549.49996527778,2.96,5.0
57647.49996527778,5.0,3.24
58011.4999537037,3.24,4.56
58095.4999537037,4.56,3.74
58417.4999537037,3.74,5.0
58963.4999537037,5.0,3.44
59250.4999537037,3.44,4.45
59999.4999537037,4.45,5.0
