#MJD,index_target_1d,index_target_2d
57731.49996527778,1.84,4.09
57738.49996527778,4.09,3.64
57794.4999537037,3.64,2.02
57850.4999537037,2.02,2.31
57906.4999537037,2.31,2.46
57941.4999537037,2.46,2.68
58256.4999537037,2.68,2.44
58536.4999537037,2.44,4.24
58949.4999537037,4.24,3.07
60209.4999537037,3.07,7.12
