#MJD,index_lag_1,index_lag_2,index_lag_3,index_lag_4,index_lag_5,index_lag_6,index_rolling_mean_7,index_rolling_std_7,flux_lag_1,flux_lag_2,flux_lag_3,flux_lag_4,flux_lag_5,flux_lag_6,flux_rolling_mean_7,flux_rolling_std_7
58452.4999537037,7.58,4.92,3.21,3.07,3.73,3.45,4.8,2.01,-7.048662481204082,-6.8696662315049934,-7.043351420794797,-7.015022873584507,-6.950781977329818,-7.019088062223156,-6.99,0.06
59390.4999537037,7.65,7.58,4.92,3.21,3.07,3.73,4.79,2.02,-6.97061622231479,-7.048662481204082,-6.8696662315049934,-7.043351420794797,-7.015022873584507,-6.950781977329818,-6.96,0.09
59705.4999537037,3.38,7.65,7.58,4.92,3.21,3.07,4.7,2.09,-6.815308569182402,-6.97061622231479,-7.048662481204082,-6.8696662315049934,-7.043351420794797,-7.015022873584507,-6.91,0.16
59740.4999537037,3.07,3.38,7.65,7.58,4.92,3.21,4.79,2.02,-6.623423042943488,-6.815308569182402,-6.97061622231479,-7.048662481204082,-6.8696662315049934,-7.043351420794797,-6.86,0.18
60279.4999537037,3.73,3.07,3.38,7.65,7.58,4.92,4.81,2.01,-6.617982957425132,-6.623423042943488,-6.815308569182402,-6.97061622231479,-7.048662481204082,-6.8696662315049934,-6.79,0.19
60475.4999537037,3.32,3.73,3.07,3.38,7.65,7.58,4.65,2.04,-6.562249437179612,-6.617982957425132,-6.623423042943488,-6.815308569182402,-6.97061622231479,-7.048662481204082,-6.76,0.19
