#MJD,index_target_1d,index_target_2d
57136.499976851854,2.01,5.0
57178.499976851854,5.0,4.05
57332.49996527778,4.05,1.55
59397.4999537037,1.55,2.03
60349.4999537037,2.03,2.25
