#MJD,index_target_1d,index_target_2d
57241.49996527778,5.0,5.0
58515.4999537037,5.0,2.87
58578.4999537037,2.87,3.14
59355.4999537037,3.14,2.48
60041.4999537037,2.48,4.93
