#MJD,flux_lag_1,flux_lag_2,flux_lag_3,flux_lag_4,flux_lag_5,flux_lag_6,flux_rolling_mean_7,flux_rolling_std_7,index_lag_1,index_lag_2,index_lag_3,index_lag_4,index_lag_5,index_lag_6,index_rolling_mean_7,index_rolling_std_7
56135.499976851854,-6.886056647693163,-6.931814138253839,-6.876148359032914,-6.91721462968355,-6.889410289700751,-6.94692155651658,-6.91,0.03,3.96,5.13,3.73,2.53,4.2,3.1,4.26,1.53
56163.499976851854,-6.928117992693875,-6.886056647693163,-6.931814138253839,-6.876148359032914,-6.91721462968355,-6.889410289700751,-6.9,0.03,7.18,3.96,5.13,3.73,2.53,4.2,4.37,1.46
56653.499976851854,-6.841637507904751,-6.928117992693875,-6.886056647693163,-6.931814138253839,-6.876148359032914,-6.91721462968355,-6.89,0.03,3.88,7.18,3.96,5.13,3.73,2.53,4.36,1.46
57087.499976851854,-6.87942606879415,-6.841637507904751,-6.928117992693875,-6.886056647693163,-6.931814138253839,-6.876148359032914,-6.88,0.05,4.09,3.88,7.18,3.96,5.13,3.73,4.82,1.28
57633.49996527778,-6.801342913045577,-6.87942606879415,-6.841637507904751,-6.928117992693875,-6.886056647693163,-6.931814138253839,-6.88,0.05,5.75,4.09,3.88,7.18,3.96,5.13,4.75,1.36
58732.4999537037,-6.863279432843593,-6.801342913045577,-6.87942606879415,-6.841637507904751,-6.928117992693875,-6.886056647693163,-6.87,0.04,3.28,5.75,4.09,3.88,7.18,3.96,4.41,1.54
59187.4999537037,-6.913640169325252,-6.863279432843593,-6.801342913045577,-6.87942606879415,-6.841637507904751,-6.928117992693875,-6.87,0.04,2.73,3.28,5.75,4.09,3.88,7.18,4.83,1.78
59950.4999537037,-6.876148359032914,-6.913640169325252,-6.863279432843593,-6.801342913045577,-6.87942606879415,-6.841637507904751,-6.87,0.04,6.92,2.73,3.28,5.75,4.09,3.88,4.28,1.51
60433.4999537037,-6.924453038607469,-6.876148359032914,-6.913640169325252,-6.863279432843593,-6.801342913045577,-6.87942606879415,-6.87,0.05,3.29,6.92,2.73,3.28,5.75,4.09,4.01,1.75
