#MJD,flux_target_1d,flux_target_2d
57591.49996527778,-6.863279432843593,-6.815308569182402
57899.4999537037,-6.815308569182402,-6.872895201635193
58480.4999537037,-6.872895201635193,-6.87942606879415
59166.4999537037,-6.87942606879415,-6.892790030352131
