#MJD,index_target_1d,index_target_2d
57122.499976851854,4.8,2.51
57129.499976851854,2.51,3.28
57276.49996527778,3.28,5.31
58004.4999537037,5.31,3.29
59138.4999537037,3.29,6.22
59754.4999537037,6.22,2.72
