#MJD,index_lag_1,index_lag_2,index_lag_3,index_lag_4,index_lag_5,index_lag_6,index_rolling_mean_7,index_rolling_std_7,flux_lag_1,flux_lag_2,flux_lag_3,flux_lag_4,flux_lag_5,flux_lag_6,flux_rolling_mean_7,flux_rolling_std_7
56100.49998842592,4.29,5.0,2.74,2.55,2.58,3.01,3.35,0.94,-6.844663962534939,-6.826813731587726,-6.8996294548824375,-6.798602875679548,-6.856985199745905,-6.85078088734462,-6.86,0.04
56149.499976851854,3.28,4.29,5.0,2.74,2.55,2.58,3.61,1.08,-6.928117992693875,-6.844663962534939,-6.826813731587726,-6.8996294548824375,-6.798602875679548,-6.856985199745905,-6.87,0.05
56401.499976851854,4.86,3.28,4.29,5.0,2.74,2.55,3.91,1.03,-6.903089986991944,-6.928117992693875,-6.844663962534939,-6.826813731587726,-6.8996294548824375,-6.798602875679548,-6.86,0.05
57675.49996527778,4.66,4.86,3.28,4.29,5.0,2.74,4.26,0.9,-6.79317412396815,-6.903089986991944,-6.928117992693875,-6.844663962534939,-6.826813731587726,-6.8996294548824375,-6.86,0.05
