#MJD,index_target_1d,index_target_2d
56891.499976851854,2.66,4.87
57101.499976851854,4.87,10.0
58305.4999537037,10.0,2.42
58340.4999537037,2.42,5.13
58389.4999537037,5.13,6.93
