#MJD,index_target_1d,index_target_2d
57591.49996527778,2.73,2.34
59544.4999537037,2.34,4.41
59761.4999537037,4.41,3.84
59852.4999537037,3.84,3.48
59922.4999537037,3.48,4.17
60286.4999537037,4.17,2.47
