#MJD,index_target_1d,index_target_2d
58067.4999537037,2.87,2.29
58382.4999537037,2.29,5.75
58424.4999537037,5.75,2.84
58529.4999537037,2.84,2.91
58900.4999537037,2.91,4.58
58907.4999537037,4.58,5.9
59551.4999537037,5.9,5.07
59817.4999537037,5.07,2.27
59866.4999537037,2.27,2.67
60181.4999537037,2.67,4.15
60188.4999537037,4.15,2.55
60377.4999537037,2.55,7.78
60433.4999537037,7.78,10.0
60538.4999537037,10.0,2.97
60664.4999537037,2.97,2.57
