#MJD,flux_target_1d,flux_target_2d
56772.499976851854,-6.954677021213342,-6.991399828238082
56982.499976851854,-6.991399828238082,-6.97469413473523
57451.49996527778,-6.97469413473523,-6.653647025549361
58109.4999537037,-6.653647025549361,-6.950781977329818
58249.4999537037,-6.950781977329818,-6.82102305270683
58466.4999537037,-6.82102305270683,-6.935542010773082
58781.4999537037,-6.935542010773082,-6.931814138253839
59159.4999537037,-6.931814138253839,-6.987162775294828
59726.4999537037,-6.987162775294828,-6.896196279044043
