#MJD,index_lag_1,index_lag_2,index_lag_3,index_lag_4,index_lag_5,index_lag_6,index_rolling_mean_7,index_rolling_std_7,flux_lag_1,flux_lag_2,flux_lag_3,flux_lag_4,flux_lag_5,flux_lag_6,flux_rolling_mean_7,flux_rolling_std_7
59586.4999537037,6.54,5.11,4.17,5.07,6.41,4.9,5.52,0.93,-4.815308569182402,-4.3585258894959,-5.856985199745905,-4.856985199745905,-6.79317412396815,-3.2247537402597635,-4.93,1.13
59740.4999537037,6.41,6.54,5.11,4.17,5.07,6.41,5.58,0.9,-4.5718652059712115,-4.815308569182402,-4.3585258894959,-5.856985199745905,-4.856985199745905,-6.79317412396815,-5.28,0.87
