#MJD,flux_target_1d,flux_target_2d
58193.4999537037,-7.09799710864927,-6.696803942579511
59292.4999537037,-6.696803942579511,-7.0835460514500745
59691.4999537037,-7.0835460514500745,-7.200659450546419
59698.4999537037,-7.200659450546419,-7.164309428507575
59726.4999537037,-7.164309428507575,-7.137272471682025
59733.4999537037,-7.137272471682025,-7.021819483062586
