#MJD,index_target_1d,index_target_2d
56226.499976851854,5.0,3.57
56541.499976851854,3.57,5.0
56828.499976851854,5.0,5.0
56968.499976851854,5.0,5.0
57458.49996527778,5.0,2.72
57486.49996527778,2.72,3.47
57542.49996527778,3.47,2.63
57668.49996527778,2.63,4.84
57843.4999537037,4.84,3.46
58375.4999537037,3.46,5.0
58648.4999537037,5.0,2.36
59201.4999537037,2.36,2.27
59278.4999537037,2.27,3.93
59852.4999537037,3.93,3.0
60286.4999537037,3.0,5.0
60342.4999537037,5.0,2.43
60580.4999537037,2.43,4.94
