#MJD,flux_target_1d,flux_target_2d
58788.4999537037,-6.966576244513051,-6.966576244513051
58823.4999537037,-6.966576244513051,5.4623979978989565
59243.4999537037,5.4623979978989565,-7.1220530483708115
59334.4999537037,-7.1220530483708115,-7.045757490560675
59691.4999537037,-7.045757490560675,-7.153662887870195
59733.4999537037,-7.153662887870195,-6.8297382846050425
59761.4999537037,-6.8297382846050425,-6.2262135550188065
59880.4999537037,-6.2262135550188065,-7.090979145788844
