#MJD,flux_target_1d,flux_target_2d
56765.499976851854,-7.050122295963125,-7.0030507515046185
56835.499976851854,-7.0030507515046185,-7.096367483915762
56919.499976851854,-7.096367483915762,-6.987162775294828
56954.499976851854,-6.987162775294828,-7.087777943467585
56961.499976851854,-7.087777943467585,-6.847711655616943
58396.4999537037,-6.847711655616943,-7.0301183562535
59124.4999537037,-7.0301183562535,-7.033389013318065
59516.4999537037,-7.033389013318065,-7.096910013008056
59901.4999537037,-7.096910013008056,-6.94692155651658
