#MJD,index_target_1d,index_target_2d
55204.49998842592,3.31,3.2
55211.49998842592,3.2,3.53
55372.49998842592,3.53,5.0
55379.49998842592,5.0,4.24
55652.49998842592,4.24,5.0
55876.49998842592,5.0,3.85
57388.49996527778,3.85,4.46
59572.4999537037,4.46,4.54
59579.4999537037,4.54,4.36
59677.4999537037,4.36,5.0
59838.4999537037,5.0,5.0
59964.4999537037,5.0,3.99
60111.4999537037,3.99,3.58
60216.4999537037,3.58,3.82
60321.4999537037,3.82,3.83
60391.4999537037,3.83,3.67
