#MJD,index_target_1d,index_target_2d
56681.499976851854,3.13,2.76
56730.499976851854,2.76,3.09
56982.499976851854,3.09,2.97
57171.499976851854,2.97,2.51
57213.49996527778,2.51,2.95
58011.4999537037,2.95,2.36
58508.4999537037,2.36,6.78
59320.4999537037,6.78,2.74
59341.4999537037,2.74,6.94
59348.4999537037,6.94,6.77
59355.4999537037,6.77,6.86
59467.4999537037,6.86,3.17
59761.4999537037,3.17,2.88
