#MJD,flux_target_1d,flux_target_2d
57528.49996527778,-7.175223537524454,-6.739928612014925
57682.49996527778,-6.739928612014925,-6.935542010773082
59096.4999537037,-6.935542010773082,-7.262807357295263
59439.4999537037,-7.262807357295263,-7.243363891754152
59481.4999537037,-7.243363891754152,-7.066512712151295
59628.4999537037,-7.066512712151295,-6.679853713888946
60412.4999537037,-6.679853713888946,-7.266802734893431
60706.4999537037,-7.266802734893431,-7.139063379299906
