#MJD,index_target_1d,index_target_2d
56660.499976851854,2.53,6.15
56765.499976851854,6.15,3.81
56821.499976851854,3.81,2.97
57367.49996527778,2.97,3.39
57591.49996527778,3.39,7.76
57654.49996527778,7.76,6.13
