#MJD,flux_target_1d,flux_target_2d
57304.49996527778,-6.924453038607469,-7.054039296422431
57339.49996527778,-7.054039296422431,-7.094743951251549
57850.4999537037,-7.094743951251549,-6.913640169325252
58025.4999537037,-6.913640169325252,-7.094204119632131
59012.4999537037,-7.094204119632131,6.515873843711679
59383.4999537037,6.515873843711679,-6.958607314841775
60069.4999537037,-6.958607314841775,-7.013228265733755
60342.4999537037,-7.013228265733755,-7.026410376572743
