#MJD,index_target_1d,index_target_2d
55911.49998842592,2.38,3.89
56506.499976851854,3.89,6.27
57381.49996527778,6.27,2.42
58508.4999537037,2.42,3.69
