#MJD,flux_target_1d,flux_target_2d
59096.4999537037,-7.104025267640935,-6.772113295386326
59103.4999537037,-6.772113295386326,-6.032452023781138
59264.4999537037,-6.032452023781138,-6.939302159646388
59628.4999537037,-6.939302159646388,-7.010550182333308
59943.4999537037,-7.010550182333308,-7.140861702705469
59950.4999537037,-7.140861702705469,-5.041436116778033
60321.4999537037,-5.041436116778033,-7.0670191780768015
60363.4999537037,-7.0670191780768015,-6.09366495819491
