#MJD,flux_target_1d,flux_target_2d
58312.4999537037,-6.841637507904751,-4.023191662661934
58480.4999537037,-4.023191662661934,-3.769551078621726
58529.4999537037,-3.769551078621726,-6.866461091629782
58893.4999537037,-6.866461091629782,-5.481486060122113
59586.4999537037,-5.481486060122113,-6.7594507517174005
