#MJD,index_target_1d,index_target_2d
57766.4999537037,2.22,4.53
58193.4999537037,4.53,2.74
58235.4999537037,2.74,3.76
58970.4999537037,3.76,3.55
59159.4999537037,3.55,6.24
59845.4999537037,6.24,4.52
60111.4999537037,4.52,5.07
60195.4999537037,5.07,2.06
60370.4999537037,2.06,5.02
