#MJD,index_target_1d,index_target_2d
57311.49996527778,4.59,7.47
58431.4999537037,7.47,1.99
58648.4999537037,1.99,5.01
58795.4999537037,5.01,2.72
59467.4999537037,2.72,2.75
59523.4999537037,2.75,3.34
59775.4999537037,3.34,3.32
59985.4999537037,3.32,10.0
60251.4999537037,10.0,8.97
60615.4999537037,8.97,2.61
