#MJD,flux_target_1d,flux_target_2d
57073.499976851854,-7.219682687859849,-7.05700040663396
57087.499976851854,-7.05700040663396,-7.007446482167865
57136.499976851854,-7.007446482167865,-7.094204119632131
57206.49996527778,-7.094204119632131,-7.141462802430361
57241.49996527778,-7.141462802430361,-7.131355561605174
57423.49996527778,-7.131355561605174,-7.166215625343521
59159.4999537037,-7.166215625343521,-7.137272471682025
59194.4999537037,-7.137272471682025,-7.172630726946175
59971.4999537037,-7.172630726946175,-7.219682687859849
