#MJD,index_target_1d,index_target_2d
56247.499976851854,6.67,4.76
56373.499976851854,4.76,3.26
57094.499976851854,3.26,3.57
58256.4999537037,3.57,4.31
59075.4999537037,4.31,2.41
59208.4999537037,2.41,6.36
59474.4999537037,6.36,4.34
59999.4999537037,4.34,3.59
60573.4999537037,3.59,7.31
60692.4999537037,7.31,3.56
60734.4999537037,3.56,6.81
