#MJD,flux_target_1d,flux_target_2d
59425.4999537037,-6.841637507904751,-6.308918507877031
59432.4999537037,-6.308918507877031,-6.723538195826756
