#MJD,flux_target_1d,flux_target_2d
58935.4999537037,-6.876148359032914,-6.767003889607846
59376.4999537037,-6.767003889607846,-6.716698771296451
59397.4999537037,-6.716698771296451,-6.8996294548824375
59411.4999537037,-6.8996294548824375,-6.657577319177793
59614.4999537037,-6.657577319177793,-6.826813731587726
59859.4999537037,-6.826813731587726,-6.939302159646388
