#MJD,flux_lag_1,flux_lag_2,flux_lag_3,flux_lag_4,flux_lag_5,flux_lag_6,flux_rolling_mean_7,flux_rolling_std_7,index_lag_1,index_lag_2,index_lag_3,index_lag_4,index_lag_5,index_lag_6,index_rolling_mean_7,index_rolling_std_7
59544.4999537037,-7.098541678603888,-6.801342913045577,-6.950781977329818,-7.114073660198569,-7.011441043121384,-7.09312646527793,-7.01,0.11,4.24,4.57,5.0,4.14,4.11,5.0,4.46,0.4
59586.4999537037,-7.001304841688344,-7.098541678603888,-6.801342913045577,-6.950781977329818,-7.114073660198569,-7.011441043121384,-6.97,0.13,4.13,4.24,4.57,5.0,4.14,4.11,4.29,0.37
