#MJD,flux_target_1d,flux_target_2d
59061.4999537037,-6.79317412396815,-6.350665141287858
59432.4999537037,-6.350665141287858,-6.460923901207224
60349.4999537037,-6.460923901207224,-6.7447274948966935
60356.4999537037,-6.7447274948966935,-6.669586226650809
60706.4999537037,-6.669586226650809,-6.684029654543083
