#MJD,flux_target_1d,flux_target_2d
57584.49996527778,-6.490797477668897,-6.752026733638194
57696.49996527778,-6.752026733638194,-6.798602875679548
57703.49996527778,-6.798602875679548,-6.603800652904264
57710.49996527778,-6.603800652904264,-6.701146923590294
57738.49996527778,-6.701146923590294,-6.806875401645539
