#MJD,flux_target_1d,flux_target_2d
59663.4999537037,-7.2403321553103694,-6.3872161432802645
