#MJD,index_target_1d,index_target_2d
57297.49996527778,3.08,2.35
57465.49996527778,2.35,2.09
57472.49996527778,2.09,2.54
57479.49996527778,2.54,2.57
57486.49996527778,2.57,2.41
57493.49996527778,2.41,2.44
57500.49996527778,2.44,2.32
