#MJD,index_target_1d,index_target_2d
56513.499976851854,2.52,2.19
56919.499976851854,2.19,6.45
57269.49996527778,6.45,2.96
57654.49996527778,2.96,2.35
58893.4999537037,2.35,10.0
58914.4999537037,10.0,3.82
59257.4999537037,3.82,1.69
59264.4999537037,1.69,9.87
59796.4999537037,9.87,5.77
60748.4999537037,5.77,2.6
