#MJD,flux_target_1d,flux_target_2d
56912.499976851854,-6.82102305270683,-7.135488918941608
57115.499976851854,-7.135488918941608,-7.054531414868181
57269.49996527778,-7.054531414868181,-7.092588639225414
57857.4999537037,-7.092588639225414,-7.1220530483708115
58074.4999537037,-7.1220530483708115,-6.876148359032914
59663.4999537037,-6.876148359032914,-7.074172425375258
