#MJD,index_target_1d,index_target_2d
58263.4999537037,2.68,3.81
59082.4999537037,3.81,2.62
59292.4999537037,2.62,2.78
59635.4999537037,2.78,4.7
59754.4999537037,4.7,2.26
59950.4999537037,2.26,10.0
60524.4999537037,10.0,3.06
