#MJD,index_lag_1,index_lag_2,index_lag_3,index_lag_4,index_lag_5,index_lag_6,index_rolling_mean_7,index_rolling_std_7,flux_lag_1,flux_lag_2,flux_lag_3,flux_lag_4,flux_lag_5,flux_lag_6,flux_rolling_mean_7,flux_rolling_std_7
57136.499976851854,1.54,5.0,5.0,4.36,3.4,2.47,3.35,1.49,-7.197226274708024,-6.863279432843593,-6.962573502059376,-7.000434511774018,-7.2343314452409855,-7.241088107602026,-7.1,0.16
57178.499976851854,1.69,1.54,5.0,5.0,4.36,3.4,3.29,1.54,-7.219682687859849,-7.197226274708024,-6.863279432843593,-6.962573502059376,-7.000434511774018,-7.2343314452409855,-7.09,0.15
57332.49996527778,2.01,1.69,1.54,5.0,5.0,4.36,3.51,1.67,-7.1830961606243395,-7.219682687859849,-7.197226274708024,-6.863279432843593,-6.962573502059376,-7.000434511774018,-7.07,0.14
59397.4999537037,5.0,2.01,1.69,1.54,5.0,5.0,3.47,1.65,-7.087777943467585,-7.1830961606243395,-7.219682687859849,-7.197226274708024,-6.863279432843593,-6.962573502059376,-7.09,0.13
60349.4999537037,4.05,5.0,2.01,1.69,1.54,5.0,2.98,1.63,-7.090443970758825,-7.087777943467585,-7.1830961606243395,-7.219682687859849,-7.197226274708024,-6.863279432843593,-7.12,0.12
