#MJD,index_target_1d,index_target_2d
57024.499976851854,3.45,5.05
57423.49996527778,5.05,5.9
57514.49996527778,5.9,2.38
57675.49996527778,2.38,3.37
57794.4999537037,3.37,4.09
58095.4999537037,4.09,3.16
58459.4999537037,3.16,6.96
58739.4999537037,6.96,3.05
58809.4999537037,3.05,3.81
58879.4999537037,3.81,4.16
59446.4999537037,4.16,4.71
59460.4999537037,4.71,8.31
59530.4999537037,8.31,5.19
59537.4999537037,5.19,3.26
