#MJD,flux_target_1d,flux_target_2d
57885.4999537037,-6.931814138253839,-6.882728704344236
58165.4999537037,-6.882728704344236,-6.91721462968355
58263.4999537037,-6.91721462968355,-6.920818753952375
58522.4999537037,-6.920818753952375,-6.892790030352131
58697.4999537037,-6.892790030352131,-6.739928612014925
59313.4999537037,-6.739928612014925,-6.844663962534939
59593.4999537037,-6.844663962534939,-6.87942606879415
