#MJD,flux_target_1d,flux_target_2d
57220.49996527778,-7.049148541111453,-6.896196279044043
57752.49996527778,-6.896196279044043,-6.728158393463501
58095.4999537037,-6.728158393463501,-7.105130343254747
58102.4999537037,-7.105130343254747,-7.103473782510445
59537.4999537037,-7.103473782510445,-6.97061622231479
59635.4999537037,-6.97061622231479,-7.098541678603888
59698.4999537037,-7.098541678603888,-6.966576244513051
60027.4999537037,-6.966576244513051,-7.1487416512809245
60489.4999537037,-7.1487416512809245,-7.062983892535186
