#MJD,flux_target_1d,flux_target_2d
59292.4999537037,-6.906578314837765,-6.401209493236885
59334.4999537037,-6.401209493236885,-6.91721462968355
59537.4999537037,-6.91721462968355,-6.860120913598763
59600.4999537037,-6.860120913598763,-6.928117992693875
60020.4999537037,-6.928117992693875,-6.982966660701219
60041.4999537037,-6.982966660701219,-6.935542010773082
60167.4999537037,-6.935542010773082,-6.856985199745905
60454.4999537037,-6.856985199745905,-6.950781977329818
60580.4999537037,-6.950781977329818,-6.866461091629782
