#MJD,index_target_1d,index_target_2d
58312.4999537037,9.28,2.59
58480.4999537037,2.59,5.77
58529.4999537037,5.77,3.82
58893.4999537037,3.82,7.43
59586.4999537037,7.43,3.72
