#MJD,flux_target_1d,flux_target_2d
56352.499976851854,-7.22767829327708,-7.157390760389438
57458.49996527778,-7.157390760389438,-7.106238237942057
57703.49996527778,-7.106238237942057,-6.896196279044043
58214.4999537037,-6.896196279044043,-7.326979092871104
58431.4999537037,-7.326979092871104,-7.348721986001856
58648.4999537037,-7.348721986001856,-7.304518323509803
60181.4999537037,-7.304518323509803,-7.248720896016658
60356.4999537037,-7.248720896016658,-7.3448615651886175
