#MJD,flux_lag_1,flux_lag_2,flux_lag_3,flux_lag_4,flux_lag_5,flux_lag_6,flux_rolling_mean_7,flux_rolling_std_7,index_lag_1,index_lag_2,index_lag_3,index_lag_4,index_lag_5,index_lag_6,index_rolling_mean_7,index_rolling_std_7
58522.4999537037,-6.910094888560602,-6.5968794788241825,-6.623423042943488,-6.853871964321762,-6.882728704344236,-6.896196279044043,-6.8,0.13,2.21,2.53,8.27,2.48,4.04,9.17,4.54,2.93
58900.4999537037,-6.856985199745905,-6.910094888560602,-6.5968794788241825,-6.623423042943488,-6.853871964321762,-6.882728704344236,-6.8,0.13,3.08,2.21,2.53,8.27,2.48,4.04,3.6,2.15
58984.4999537037,-6.876148359032914,-6.856985199745905,-6.910094888560602,-6.5968794788241825,-6.623423042943488,-6.853871964321762,-6.8,0.13,2.57,3.08,2.21,2.53,8.27,2.48,3.34,2.19
59166.4999537037,-6.85078088734462,-6.876148359032914,-6.856985199745905,-6.910094888560602,-6.5968794788241825,-6.623423042943488,-6.81,0.14,2.27,2.57,3.08,2.21,2.53,8.27,3.29,2.22
59201.4999537037,-6.924453038607469,-6.85078088734462,-6.876148359032914,-6.856985199745905,-6.910094888560602,-6.5968794788241825,-6.84,0.11,2.13,2.27,2.57,3.08,2.21,2.53,2.42,0.34
59208.4999537037,-6.838631997765025,-6.924453038607469,-6.85078088734462,-6.876148359032914,-6.856985199745905,-6.910094888560602,-6.86,0.05,2.18,2.13,2.27,2.57,3.08,2.21,2.41,0.33
