#MJD,index_target_1d,index_target_2d
58172.4999537037,7.05,4.0
58396.4999537037,4.0,4.85
58466.4999537037,4.85,5.55
59404.4999537037,5.55,3.74
59782.4999537037,3.74,4.86
