#MJD,flux_target_1d,flux_target_2d
58172.4999537037,-7.229884705212898,-7.1944991418416
58774.4999537037,-7.1944991418416,-7.1487416512809245
59460.4999537037,-7.1487416512809245,-7.100179497572904
59698.4999537037,-7.100179497572904,-7.118615343229427
59740.4999537037,-7.118615343229427,-7.192464971931146
