#MJD,index_target_1d,index_target_2d
56051.49998842592,2.05,2.36
56065.49998842592,2.36,2.95
56072.49998842592,2.95,2.38
56086.49998842592,2.38,3.75
56093.49998842592,3.75,3.72
56205.499976851854,3.72,3.87
56429.499976851854,3.87,6.06
56471.499976851854,6.06,4.18
56898.499976851854,4.18,3.13
57416.49996527778,3.13,4.82
57738.49996527778,4.82,5.76
57913.4999537037,5.76,7.16
58214.4999537037,7.16,8.74
58270.4999537037,8.74,3.1
