#MJD,index_target_1d,index_target_2d
55687.49998842592,2.87,5.0
55694.49998842592,5.0,5.0
55932.49998842592,5.0,3.85
56331.499976851854,3.85,3.8
56842.499976851854,3.8,3.19
57542.49996527778,3.19,3.53
57892.4999537037,3.53,4.87
58032.4999537037,4.87,5.0
