#MJD,index_target_1d,index_target_2d
58109.4999537037,4.1,3.9
58557.4999537037,3.9,3.45
58718.4999537037,3.45,2.74
58725.4999537037,2.74,2.91
