#MJD,index_target_1d,index_target_2d
59635.4999537037,3.65,8.78
59712.4999537037,8.78,9.53
