#MJD,flux_target_1d,flux_target_2d
58550.4999537037,-7.242603971206976,-7.251811972993799
59159.4999537037,-7.251811972993799,-7.257274868695302
59250.4999537037,-7.257274868695302,-6.896196279044043
59929.4999537037,-6.896196279044043,-7.247951552180561
59957.4999537037,-7.247951552180561,-7.2380721615794705
