#MJD,index_target_1d,index_target_2d
55939.49998842592,2.81,6.62
57094.499976851854,6.62,2.84
57192.499976851854,2.84,5.83
57416.49996527778,5.83,5.46
57892.4999537037,5.46,3.14
