#MJD,index_lag_1,index_lag_2,index_lag_3,index_lag_4,index_lag_5,index_lag_6,index_rolling_mean_7,index_rolling_std_7,flux_lag_1,flux_lag_2,flux_lag_3,flux_lag_4,flux_lag_5,flux_lag_6,flux_rolling_mean_7,flux_rolling_std_7
58172.4999537037,5.29,4.2,4.83,7.07,2.56,3.14,4.49,1.48,-6.882728704344236,-7.088309841246139,-6.939302159646388,-7.1771783546968955,-7.066006836168758,-7.147520006363144,-7.06,0.11
58396.4999537037,4.36,5.29,4.2,4.83,7.07,2.56,5.05,1.61,-7.1220530483708115,-6.882728704344236,-7.088309841246139,-6.939302159646388,-7.1771783546968955,-7.066006836168758,-7.07,0.12
58466.4999537037,7.05,4.36,5.29,4.2,4.83,7.07,5.26,1.3,-7.20342566678957,-7.1220530483708115,-6.882728704344236,-7.088309841246139,-6.939302159646388,-7.1771783546968955,-7.08,0.12
59404.4999537037,4.0,7.05,4.36,5.29,4.2,4.83,4.94,1.03,-7.113509274827518,-7.20342566678957,-7.1220530483708115,-6.882728704344236,-7.088309841246139,-6.939302159646388,-7.07,0.12
59782.4999537037,4.85,4.0,7.05,4.36,5.29,4.2,5.04,1.05,-7.139661993429006,-7.113509274827518,-7.20342566678957,-7.1220530483708115,-6.882728704344236,-7.088309841246139,-7.1,0.1
