#MJD,flux_lag_1,flux_lag_2,flux_lag_3,flux_lag_4,flux_lag_5,flux_lag_6,flux_rolling_mean_7,flux_rolling_std_7,index_lag_1,index_lag_2,index_lag_3,index_lag_4,index_lag_5,index_lag_6,index_rolling_mean_7,index_rolling_std_7
57115.499976851854,-6.698970004336019,-6.982966660701219,-6.860120913598763,-6.892790030352131,-6.978810700930062,-6.935542010773082,-6.88,0.1,3.69,3.76,2.91,4.03,4.53,3.23,4.4,1.96
57542.49996527778,-6.801342913045577,-6.698970004336019,-6.982966660701219,-6.860120913598763,-6.892790030352131,-6.978810700930062,-6.88,0.1,8.68,3.69,3.76,2.91,4.03,4.53,4.55,1.89
58361.4999537037,-6.910094888560602,-6.801342913045577,-6.698970004336019,-6.982966660701219,-6.860120913598763,-6.892790030352131,-6.79,0.19,4.27,8.68,3.69,3.76,2.91,4.03,4.65,1.91
59054.4999537037,-6.4156687756324695,-6.910094888560602,-6.801342913045577,-6.698970004336019,-6.982966660701219,-6.860120913598763,-6.8,0.19,5.23,4.27,8.68,3.69,3.76,2.91,4.44,2.06
59061.4999537037,-6.924453038607469,-6.4156687756324695,-6.910094888560602,-6.801342913045577,-6.698970004336019,-6.982966660701219,-6.81,0.2,2.55,5.23,4.27,8.68,3.69,3.76,4.46,2.05
59327.4999537037,-6.939302159646388,-6.924453038607469,-6.4156687756324695,-6.910094888560602,-6.801342913045577,-6.698970004336019,-6.79,0.19,3.02,2.55,5.23,4.27,8.68,3.69,4.23,2.22
