#MJD,index_lag_1,index_lag_2,index_lag_3,index_lag_4,index_lag_5,index_lag_6,index_rolling_mean_7,index_rolling_std_7,flux_lag_1,flux_lag_2,flux_lag_3,flux_lag_4,flux_lag_5,flux_lag_6,flux_rolling_mean_7,flux_rolling_std_7
56478.499976851854,5.76,3.99,5.86,2.55,3.26,2.56,3.93,1.38,-7.11975822410452,-7.007004901568658,-7.1791420105603,-7.073143291050307,-7.081445469449727,-7.142064735280571,-7.09,0.07
56499.499976851854,3.5,5.76,3.99,5.86,2.55,3.26,4.05,1.27,-7.0034883278458215,-7.11975822410452,-7.007004901568658,-7.1791420105603,-7.073143291050307,-7.081445469449727,-7.07,0.06
56646.499976851854,3.46,3.5,5.76,3.99,5.86,2.55,4.09,1.25,-7.028724151261895,-7.0034883278458215,-7.11975822410452,-7.007004901568658,-7.1791420105603,-7.073143291050307,-7.06,0.07
57619.49996527778,3.48,3.46,3.5,5.76,3.99,5.86,4.14,1.18,-7.026872146400302,-7.028724151261895,-7.0034883278458215,-7.11975822410452,-7.007004901568658,-7.1791420105603,-7.08,0.08
57913.4999537037,2.92,3.48,3.46,3.5,5.76,3.99,4.32,1.54,-7.199970640755866,-7.026872146400302,-7.028724151261895,-7.0034883278458215,-7.11975822410452,-7.007004901568658,-7.06,0.07
58144.4999537037,7.13,2.92,3.48,3.46,3.5,5.76,4.21,1.59,-7.016373712875465,-7.199970640755866,-7.026872146400302,-7.028724151261895,-7.0034883278458215,-7.11975822410452,-7.08,0.08
58599.4999537037,3.2,7.13,2.92,3.48,3.46,3.5,4.41,1.89,-7.140261433802853,-7.016373712875465,-7.199970640755866,-7.026872146400302,-7.028724151261895,-7.0034883278458215,-7.05,0.09
59208.4999537037,7.19,3.2,7.13,2.92,3.48,3.46,4.49,1.86,-6.935542010773082,-7.140261433802853,-7.016373712875465,-7.199970640755866,-7.026872146400302,-7.028724151261895,-7.06,0.09
60594.4999537037,4.02,7.19,3.2,7.13,2.92,3.48,4.49,1.85,-7.070581074285707,-6.935542010773082,-7.140261433802853,-7.016373712875465,-7.199970640755866,-7.026872146400302,-7.01,0.18
