#MJD,flux_lag_1,flux_lag_2,flux_lag_3,flux_lag_4,flux_lag_5,flux_lag_6,flux_rolling_mean_7,flux_rolling_std_7,index_lag_1,index_lag_2,index_lag_3,index_lag_4,index_lag_5,index_lag_6,index_rolling_mean_7,index_rolling_std_7
56821.499976851854,-6.8696662315049934,-6.94692155651658,-6.928117992693875,-6.812479279163537,-7.0,-6.939302159646388,-6.89,0.1,2.49,2.32,2.54,2.53,2.32,1.92,2.46,0.36
57437.49996527778,-6.718966632752273,-6.8696662315049934,-6.94692155651658,-6.928117992693875,-6.812479279163537,-7.0,-6.89,0.1,3.12,2.49,2.32,2.54,2.53,2.32,3.54,2.64
57605.49996527778,-6.982966660701219,-6.718966632752273,-6.8696662315049934,-6.94692155651658,-6.928117992693875,-6.812479279163537,-6.82,0.18,9.49,3.12,2.49,2.32,2.54,2.53,4.47,3.2
58235.4999537037,-6.467245621007502,-6.982966660701219,-6.718966632752273,-6.8696662315049934,-6.94692155651658,-6.928117992693875,-6.79,0.19,8.78,9.49,3.12,2.49,2.32,2.54,4.62,3.12
58606.4999537037,-6.628932137728264,-6.467245621007502,-6.982966660701219,-6.718966632752273,-6.8696662315049934,-6.94692155651658,-6.81,0.21,3.59,8.78,9.49,3.12,2.49,2.32,4.67,3.09
58935.4999537037,-7.022733787572707,-6.628932137728264,-6.467245621007502,-6.982966660701219,-6.718966632752273,-6.8696662315049934,-6.81,0.22,2.88,3.59,8.78,9.49,3.12,2.49,4.75,3.02
59418.4999537037,-7.012333735073725,-7.022733787572707,-6.628932137728264,-6.467245621007502,-6.982966660701219,-6.718966632752273,-6.83,0.22,2.93,2.88,3.59,8.78,9.49,3.12,5.75,3.29
59551.4999537037,-6.987162775294828,-7.012333735073725,-7.022733787572707,-6.628932137728264,-6.467245621007502,-6.982966660701219,-6.87,0.22,9.49,2.93,2.88,3.59,8.78,9.49,5.82,3.23
