#MJD,index_target_1d,index_target_2d
58242.4999537037,5.24,4.1
58389.4999537037,4.1,3.51
58445.4999537037,3.51,4.61
58648.4999537037,4.61,7.97
