#MJD,index_target_1d,index_target_2d
55694.49998842592,2.44,2.15
55701.49998842592,2.15,2.45
55750.49998842592,2.45,2.82
55918.49998842592,2.82,2.87
56366.499976851854,2.87,4.34
56408.499976851854,4.34,3.41
56786.499976851854,3.41,3.57
57031.499976851854,3.57,3.49
57038.499976851854,3.49,4.66
57178.499976851854,4.66,4.61
57640.49996527778,4.61,3.02
57976.4999537037,3.02,2.77
58620.4999537037,2.77,3.09
58648.4999537037,3.09,3.19
59299.4999537037,3.19,3.26
59313.4999537037,3.26,2.79
