#MJD,index_target_1d,index_target_2d
58697.4999537037,3.6,2.7
58725.4999537037,2.7,2.58
59054.4999537037,2.58,3.56
60321.4999537037,3.56,2.33
