#MJD,flux_lag_1,flux_lag_2,flux_lag_3,flux_lag_4,flux_lag_5,flux_lag_6,flux_rolling_mean_7,flux_rolling_std_7,index_lag_1,index_lag_2,index_lag_3,index_lag_4,index_lag_5,index_lag_6,index_rolling_mean_7,index_rolling_std_7
58242.4999537037,-6.978810700930062,-6.892790030352131,-6.889410289700751,-6.804100347590766,-6.645891560852599,-6.920818753952375,-6.75,0.3,7.79,2.57,3.11,2.84,4.04,3.08,3.86,1.8
58389.4999537037,-6.115771230367396,-6.978810700930062,-6.892790030352131,-6.889410289700751,-6.804100347590766,-6.645891560852599,-6.74,0.29,3.61,7.79,2.57,3.11,2.84,4.04,4.17,1.83
58445.4999537037,-6.860120913598763,-6.115771230367396,-6.978810700930062,-6.892790030352131,-6.889410289700751,-6.804100347590766,-6.74,0.29,5.24,3.61,7.79,2.57,3.11,2.84,4.18,1.83
58648.4999537037,-6.636388020107856,-6.860120913598763,-6.115771230367396,-6.978810700930062,-6.892790030352131,-6.889410289700751,-6.73,0.29,4.1,5.24,3.61,7.79,2.57,3.11,4.28,1.76
