#MJD,index_target_1d,index_target_2d
56870.499976851854,4.87,3.57
56912.499976851854,3.57,6.59
56975.499976851854,6.59,4.73
57129.499976851854,4.73,6.79
57241.49996527778,6.79,8.59
57276.49996527778,8.59,7.13
57612.49996527778,7.13,3.68
58011.4999537037,3.68,3.02
58109.4999537037,3.02,10.0
58137.4999537037,10.0,3.15
58298.4999537037,3.15,5.42
58452.4999537037,5.42,9.72
59068.4999537037,9.72,4.42
