#MJD,flux_target_1d,flux_target_2d
58172.4999537037,-7.20342566678957,-7.113509274827518
58396.4999537037,-7.113509274827518,-7.139661993429006
58466.4999537037,-7.139661993429006,-7.146301788223826
59404.4999537037,-7.146301788223826,-7.192464971931146
59782.4999537037,-7.192464971931146,-7.206209615309182
