#MJD,index_target_1d,index_target_2d
56835.499976851854,6.08,5.89
56933.499976851854,5.89,2.41
57528.49996527778,2.41,3.47
57703.49996527778,3.47,3.13
57843.4999537037,3.13,2.97
58130.4999537037,2.97,4.71
58515.4999537037,4.71,3.93
58662.4999537037,3.93,2.57
58928.4999537037,2.57,3.34
59229.4999537037,3.34,4.88
59460.4999537037,4.88,2.49
59509.4999537037,2.49,6.8
59894.4999537037,6.8,3.79
59992.4999537037,3.79,4.55
