#MJD,flux_lag_1,flux_lag_2,flux_lag_3,flux_lag_4,flux_lag_5,flux_lag_6,flux_rolling_mean_7,flux_rolling_std_7,index_lag_1,index_lag_2,index_lag_3,index_lag_4,index_lag_5,index_lag_6,index_rolling_mean_7,index_rolling_std_7
57892.4999537037,-7.116338564846382,-7.150580586203101,-6.978810700930062,-7.0589857562944305,-7.0034883278458215,-7.034798298974088,-7.06,0.06,3.39,2.81,5.93,7.62,2.84,4.08,4.29,1.81
59201.4999537037,-7.075720713938118,-7.116338564846382,-7.150580586203101,-6.978810700930062,-7.0589857562944305,-7.0034883278458215,-7.06,0.06,3.38,3.39,2.81,5.93,7.62,2.84,4.31,1.81
59341.4999537037,-7.0195421077238995,-7.075720713938118,-7.116338564846382,-7.150580586203101,-6.978810700930062,-7.0589857562944305,-7.05,0.08,4.23,3.38,3.39,2.81,5.93,7.62,4.36,1.77
59390.4999537037,-6.928117992693875,-7.0195421077238995,-7.075720713938118,-7.116338564846382,-7.150580586203101,-6.978810700930062,-7.03,0.08,3.17,4.23,3.38,3.39,2.81,5.93,3.68,1.1
60146.4999537037,-6.962573502059376,-6.928117992693875,-7.0195421077238995,-7.075720713938118,-7.116338564846382,-7.150580586203101,-7.03,0.09,2.85,3.17,4.23,3.38,3.39,2.81,3.86,1.53
60167.4999537037,-6.958607314841775,-6.962573502059376,-6.928117992693875,-7.0195421077238995,-7.075720713938118,-7.116338564846382,-7.03,0.08,7.16,2.85,3.17,4.23,3.38,3.39,3.89,1.51
60272.4999537037,-7.129596094720973,-6.958607314841775,-6.962573502059376,-6.928117992693875,-7.0195421077238995,-7.075720713938118,-7.03,0.08,3.03,7.16,2.85,3.17,4.23,3.38,3.75,1.6
60629.4999537037,-7.122628654130226,-7.129596094720973,-6.958607314841775,-6.962573502059376,-6.928117992693875,-7.0195421077238995,-7.02,0.08,2.44,3.03,7.16,2.85,3.17,4.23,3.85,1.6
