#MJD,index_target_1d,index_target_2d
55876.49998842592,2.9,3.55
56247.499976851854,3.55,3.15
57087.499976851854,3.15,3.67
57521.49996527778,3.67,5.4
57780.4999537037,5.4,4.03
59019.4999537037,4.03,8.3
59572.4999537037,8.3,5.6
59810.4999537037,5.6,8.63
59971.4999537037,8.63,5.38
60153.4999537037,5.38,3.31
60237.4999537037,3.31,3.26
60734.4999537037,3.26,2.74
