#MJD,index_target_1d,index_target_2d
58326.4999537037,6.65,6.96
59418.4999537037,6.96,2.34
60363.4999537037,2.34,8.69
60496.4999537037,8.69,3.36
