#MJD,flux_target_1d,flux_target_2d
59313.4999537037,-6.721246399047171,-6.732828271596986
60055.4999537037,-6.732828271596986,-6.655607726314889
