#MJD,index_target_1d,index_target_2d
57451.49996527778,5.31,3.6
57584.49996527778,3.6,4.05
57780.4999537037,4.05,3.78
57948.4999537037,3.78,2.78
57955.4999537037,2.78,4.68
58732.4999537037,4.68,3.31
59005.4999537037,3.31,6.67
59047.4999537037,6.67,5.7
59103.4999537037,5.7,6.19
59474.4999537037,6.19,2.86
59523.4999537037,2.86,3.73
60153.4999537037,3.73,4.49
60321.4999537037,4.49,3.74
