#MJD,flux_lag_1,flux_lag_2,flux_lag_3,flux_lag_4,flux_lag_5,flux_lag_6,flux_rolling_mean_7,flux_rolling_std_7,index_lag_1,index_lag_2,index_lag_3,index_lag_4,index_lag_5,index_lag_6,index_rolling_mean_7,index_rolling_std_7
58697.4999537037,-6.8326826652518236,-6.856985199745905,-6.896196279044043,-6.856985199745905,-6.844663962534939,-6.815308569182402,-6.83,0.06,3.22,2.24,3.01,3.73,2.02,3.26,3.02,0.66
58725.4999537037,-6.692503962086787,-6.8326826652518236,-6.856985199745905,-6.896196279044043,-6.856985199745905,-6.844663962534939,-6.83,0.07,3.66,3.22,2.24,3.01,3.73,2.02,3.07,0.69
59054.4999537037,-6.804100347590766,-6.692503962086787,-6.8326826652518236,-6.856985199745905,-6.896196279044043,-6.856985199745905,-6.83,0.07,3.6,3.66,3.22,2.24,3.01,3.73,3.17,0.56
60321.4999537037,-6.882728704344236,-6.804100347590766,-6.692503962086787,-6.8326826652518236,-6.856985199745905,-6.896196279044043,-6.82,0.07,2.7,3.6,3.66,3.22,2.24,3.01,3.0,0.53
