#MJD,index_target_1d,index_target_2d
57451.49996527778,3.33,4.33
57605.49996527778,4.33,5.0
58263.4999537037,5.0,4.38
58270.4999537037,4.38,5.0
58298.4999537037,5.0,2.77
58795.4999537037,2.77,5.0
59012.4999537037,5.0,1.29
59418.4999537037,1.29,4.83
59908.4999537037,4.83,4.45
60230.4999537037,4.45,4.01
60489.4999537037,4.01,5.0
60713.4999537037,5.0,2.91
