#MJD,index_target_1d,index_target_2d
57220.49996527778,7.6,2.26
57752.49996527778,2.26,3.01
58095.4999537037,3.01,2.67
58102.4999537037,2.67,8.72
59537.4999537037,8.72,3.77
59635.4999537037,3.77,5.27
59698.4999537037,5.27,5.49
60027.4999537037,5.49,3.62
60489.4999537037,3.62,3.67
