#MJD,index_target_1d,index_target_2d
55624.49998842592,3.34,4.72
55820.49998842592,4.72,3.2
55960.49998842592,3.2,4.95
55988.49998842592,4.95,3.74
56618.499976851854,3.74,3.09
58060.4999537037,3.09,3.77
58102.4999537037,3.77,4.99
58340.4999537037,4.99,2.5
58396.4999537037,2.5,3.67
59502.4999537037,3.67,5.12
59691.4999537037,5.12,3.25
59852.4999537037,3.25,4.13
