#MJD,index_target_1d,index_target_2d
58487.4999537037,2.34,2.54
58844.4999537037,2.54,2.83
59054.4999537037,2.83,1.83
59264.4999537037,1.83,2.92
59586.4999537037,2.92,5.0
59782.4999537037,5.0,4.58
