#MJD,index_target_1d,index_target_2d
55064.49998842592,2.24,5.96
55190.49998842592,5.96,4.16
56772.499976851854,4.16,2.45
58403.4999537037,2.45,3.0
58970.4999537037,3.0,6.17
59180.4999537037,6.17,2.87
