#MJD,index_target_1d,index_target_2d
58494.4999537037,3.58,5.0
59033.4999537037,5.0,5.0
59537.4999537037,5.0,5.0
59761.4999537037,5.0,3.49
59824.4999537037,3.49,5.0
60069.4999537037,5.0,5.0
