#MJD,flux_target_1d,flux_target_2d
55687.49998842592,-7.197226274708024,-6.943095148663527
55694.49998842592,-6.943095148663527,-7.031984286006359
55932.49998842592,-7.031984286006359,-7.189767482004916
56331.499976851854,-7.189767482004916,-7.097453220686009
56842.499976851854,-7.097453220686009,-7.1778319206319825
57542.49996527778,-7.1778319206319825,-7.149353764816934
57892.4999537037,-7.149353764816934,-6.995678626217358
58032.4999537037,-6.995678626217358,-7.120904120499927
