#MJD,flux_target_1d,flux_target_2d
58263.4999537037,-7.204119982655925,-7.00436480540245
59082.4999537037,-7.00436480540245,-7.20690839982342
59292.4999537037,-7.20690839982342,-7.0301183562535
59635.4999537037,-7.0301183562535,-4.681936665037238
59754.4999537037,-4.681936665037238,-7.008330992620052
59950.4999537037,-7.008330992620052,1.575187844927661
60524.4999537037,1.575187844927661,-6.928117992693875
