#MJD,index_target_1d,index_target_2d
55176.49998842592,3.62,5.06
55323.49998842592,5.06,3.35
56443.499976851854,3.35,3.14
56681.499976851854,3.14,7.38
56709.499976851854,7.38,3.1
56870.499976851854,3.1,7.07
57115.499976851854,7.07,3.0
59691.4999537037,3.0,4.06
59873.4999537037,4.06,3.23
59887.4999537037,3.23,2.22
60139.4999537037,2.22,2.79
60258.4999537037,2.79,2.43
60349.4999537037,2.43,3.98
60356.4999537037,3.98,3.03
