#MJD,index_target_1d,index_target_2d
56968.499976851854,4.0,4.09
57017.499976851854,4.09,4.46
57108.499976851854,4.46,7.29
57143.499976851854,7.29,3.68
57304.49996527778,3.68,2.9
57640.49996527778,2.9,6.44
58431.4999537037,6.44,3.34
58522.4999537037,3.34,3.14
58893.4999537037,3.14,4.44
59614.4999537037,4.44,4.19
59656.4999537037,4.19,2.66
59684.4999537037,2.66,3.59
59761.4999537037,3.59,2.45
60076.4999537037,2.45,3.65
60167.4999537037,3.65,3.24
60244.4999537037,3.24,6.79
