#MJD,index_lag_1,index_lag_2,index_lag_3,index_lag_4,index_lag_5,index_lag_6,index_rolling_mean_7,index_rolling_std_7,flux_lag_1,flux_lag_2,flux_lag_3,flux_lag_4,flux_lag_5,flux_lag_6,flux_rolling_mean_7,flux_rolling_std_7
57948.4999537037,4.06,3.79,2.73,3.68,5.95,3.09,4.16,1.25,-7.2403321553103694,-6.87942606879415,-7.2564902352715706,-7.262012673666569,-7.0,-7.243363891754152,-7.14,0.15
58137.4999537037,5.79,4.06,3.79,2.73,3.68,5.95,4.55,1.29,-7.11975822410452,-7.2403321553103694,-6.87942606879415,-7.2564902352715706,-7.262012673666569,-7.0,-7.14,0.15
