#MJD,flux_target_1d,flux_target_2d
57360.49996527778,-7.102922996790579,-6.645891560852599
58123.4999537037,-6.645891560852599,-7.079354998593212
58193.4999537037,-7.079354998593212,-7.06198090252379
58256.4999537037,-7.06198090252379,-6.91721462968355
58403.4999537037,-6.91721462968355,-7.057991946977687
59677.4999537037,-7.057991946977687,-7.036684488613889
60083.4999537037,-7.036684488613889,-6.521433504406157
60188.4999537037,-6.521433504406157,-6.913640169325252
