#MJD,index_target_1d,index_target_2d
55932.49998842592,3.75,4.57
56086.49998842592,4.57,4.03
56093.49998842592,4.03,4.19
56205.499976851854,4.19,10.0
57206.49996527778,10.0,3.79
57248.49996527778,3.79,3.9
57584.49996527778,3.9,6.97
58004.4999537037,6.97,4.76
58116.4999537037,4.76,5.33
58767.4999537037,5.33,5.45
59957.4999537037,5.45,3.06
60174.4999537037,3.06,5.68
