#MJD,index_target_1d,index_target_2d
58788.4999537037,4.68,3.81
58823.4999537037,3.81,10.0
59243.4999537037,10.0,2.61
59334.4999537037,2.61,2.91
59691.4999537037,2.91,4.84
59733.4999537037,4.84,4.86
59761.4999537037,4.86,5.5
59880.4999537037,5.5,2.55
