#MJD,flux_target_1d,flux_target_2d
59586.4999537037,-5.735182176990463,-6.478861916295964
59740.4999537037,-6.478861916295964,-6.764471553092451
