#MJD,flux_lag_1,flux_lag_2,flux_lag_3,flux_lag_4,flux_lag_5,flux_lag_6,flux_rolling_mean_7,flux_rolling_std_7,index_lag_1,index_lag_2,index_lag_3,index_lag_4,index_lag_5,index_lag_6,index_rolling_mean_7,index_rolling_std_7
56653.499976851854,-7.024568191490737,-6.913640169325252,-7.015022873584507,-7.096367483915762,-7.0851281824599495,-7.106793246940152,-7.05,0.07,3.38,4.15,3.29,3.75,4.55,5.0,3.73,0.98
56660.499976851854,-7.088842391260023,-7.024568191490737,-6.913640169325252,-7.015022873584507,-7.096367483915762,-7.0851281824599495,-7.02,0.08,2.0,3.38,4.15,3.29,3.75,4.55,3.54,0.81
56709.499976851854,-6.913640169325252,-7.088842391260023,-7.024568191490737,-6.913640169325252,-7.015022873584507,-7.096367483915762,-6.98,0.11,3.64,2.0,3.38,4.15,3.29,3.75,3.6,0.91
56842.499976851854,-6.809668301829708,-6.913640169325252,-7.088842391260023,-7.024568191490737,-6.913640169325252,-7.015022873584507,-6.96,0.09,5.0,3.64,2.0,3.38,4.15,3.29,3.62,0.92
56870.499976851854,-6.939302159646388,-6.809668301829708,-6.913640169325252,-7.088842391260023,-7.024568191490737,-6.913640169325252,-6.97,0.11,3.89,5.0,3.64,2.0,3.38,4.15,3.73,0.92
57115.499976851854,-7.098541678603888,-6.939302159646388,-6.809668301829708,-6.913640169325252,-7.088842391260023,-7.024568191490737,-7.0,0.12,4.08,3.89,5.0,3.64,2.0,3.38,3.86,1.03
58046.4999537037,-7.120904120499927,-7.098541678603888,-6.939302159646388,-6.809668301829708,-6.913640169325252,-7.088842391260023,-7.01,0.12,5.0,4.08,3.89,5.0,3.64,2.0,3.79,1.08
