#MJD,flux_lag_1,flux_lag_2,flux_lag_3,flux_lag_4,flux_lag_5,flux_lag_6,flux_rolling_mean_7,flux_rolling_std_7,index_lag_1,index_lag_2,index_lag_3,index_lag_4,index_lag_5,index_lag_6,index_rolling_mean_7,index_rolling_std_7
56912.499976851854,-7.137868620686962,-7.0726296369609765,-7.101274818410507,-7.0400051616715835,-7.0746879085003505,-7.13430394008393,-7.08,0.05,3.77,2.29,3.77,2.61,3.01,2.54,3.61,1.73
57115.499976851854,-7.012333735073725,-7.137868620686962,-7.0726296369609765,-7.101274818410507,-7.0400051616715835,-7.0746879085003505,-7.04,0.1,7.31,3.77,2.29,3.77,2.61,3.01,4.3,2.14
57269.49996527778,-6.82102305270683,-7.012333735073725,-7.137868620686962,-7.0726296369609765,-7.101274818410507,-7.0400051616715835,-7.05,0.11,7.36,7.31,3.77,2.29,3.77,2.61,4.32,2.13
57857.4999537037,-7.135488918941608,-6.82102305270683,-7.012333735073725,-7.137868620686962,-7.0726296369609765,-7.101274818410507,-7.05,0.11,3.16,7.36,7.31,3.77,2.29,3.77,5.27,2.64
58074.4999537037,-7.054531414868181,-7.135488918941608,-6.82102305270683,-7.012333735073725,-7.137868620686962,-7.0726296369609765,-7.05,0.11,9.2,3.16,7.36,7.31,3.77,2.29,5.31,2.61
59663.4999537037,-7.092588639225414,-7.054531414868181,-7.135488918941608,-6.82102305270683,-7.012333735073725,-7.137868620686962,-7.05,0.11,4.09,9.2,3.16,7.36,7.31,3.77,5.32,2.6
