#MJD,flux_lag_1,flux_lag_2,flux_lag_3,flux_lag_4,flux_lag_5,flux_lag_6,flux_rolling_mean_7,flux_rolling_std_7,index_lag_1,index_lag_2,index_lag_3,index_lag_4,index_lag_5,index_lag_6,index_rolling_mean_7,index_rolling_std_7
56737.499976851854,-7.114638779968488,-7.210419287835575,-7.068542129310995,-7.0762380391713,-7.002613615602686,-7.168130225719498,-7.1,0.07,2.47,2.03,3.64,2.5,2.66,2.62,2.65,0.49
57171.499976851854,-7.028260409112222,-7.114638779968488,-7.210419287835575,-7.068542129310995,-7.0762380391713,-7.002613615602686,-7.1,0.08,2.62,2.47,2.03,3.64,2.5,2.66,2.63,0.49
57913.4999537037,-7.198596289982645,-7.028260409112222,-7.114638779968488,-7.210419287835575,-7.068542129310995,-7.0762380391713,-7.1,0.08,2.48,2.62,2.47,2.03,3.64,2.5,2.73,0.56
58466.4999537037,-7.027334407733889,-7.198596289982645,-7.028260409112222,-7.114638779968488,-7.210419287835575,-7.068542129310995,-5.51,4.24,3.34,2.48,2.62,2.47,2.03,3.64,3.8,2.79
58529.4999537037,4.107209969647869,-7.027334407733889,-7.198596289982645,-7.028260409112222,-7.114638779968488,-7.210419287835575,-5.45,4.22,10.0,3.34,2.48,2.62,2.47,2.03,3.61,2.84
58683.4999537037,-6.690369832574102,4.107209969647869,-7.027334407733889,-7.198596289982645,-7.028260409112222,-7.114638779968488,-4.96,4.18,2.36,10.0,3.34,2.48,2.62,2.47,3.72,2.79
58872.4999537037,-3.7375489102695707,-6.690369832574102,4.107209969647869,-7.027334407733889,-7.198596289982645,-7.028260409112222,-4.96,4.19,2.78,2.36,10.0,3.34,2.48,2.62,3.72,2.79
59299.4999537037,-7.157390760389438,-3.7375489102695707,-6.690369832574102,4.107209969647869,-7.027334407733889,-7.198596289982645,-5.0,4.21,2.48,2.78,2.36,10.0,3.34,2.48,3.64,2.83
