#MJD,index_target_1d,index_target_2d
57080.499976851854,5.59,3.66
57906.4999537037,3.66,10.0
58284.4999537037,10.0,3.07
58529.4999537037,3.07,2.82
58865.4999537037,2.82,3.64
58921.4999537037,3.64,5.33
59292.4999537037,5.33,2.5
59600.4999537037,2.5,2.91
59754.4999537037,2.91,10.0
60076.4999537037,10.0,4.15
60160.4999537037,4.15,10.0
60468.4999537037,10.0,3.86
