#MJD,flux_target_1d,flux_target_2d
57416.49996527778,-6.886056647693163,-7.09799710864927
58466.4999537037,-7.09799710864927,-7.009217308196862
58620.4999537037,-7.009217308196862,-7.303643611266668
59621.4999537037,-7.303643611266668,-7.185086818724926
59656.4999537037,-7.185086818724926,-7.209011524911184
