#MJD,index_target_1d,index_target_2d
56765.499976851854,3.24,2.35
56779.499976851854,2.35,3.51
56828.499976851854,3.51,2.6
56982.499976851854,2.6,2.36
57003.499976851854,2.36,2.3
57633.49996527778,2.3,5.21
58158.4999537037,5.21,2.92
58165.4999537037,2.92,6.22
58858.4999537037,6.22,2.78
59418.4999537037,2.78,3.3
59481.4999537037,3.3,2.2
