#MJD,flux_lag_1,flux_lag_2,flux_lag_3,flux_lag_4,flux_lag_5,flux_lag_6,flux_rolling_mean_7,flux_rolling_std_7,index_lag_1,index_lag_2,index_lag_3,index_lag_4,index_lag_5,index_lag_6,index_rolling_mean_7,index_rolling_std_7
57423.49996527778,-6.97469413473523,-6.920818753952375,-6.58838029403677,-7.009661145212399,-6.978810700930062,-6.94692155651658,-6.92,0.15,2.83,3.02,3.24,4.88,8.89,8.93,5.07,2.7
58172.4999537037,-7.039053804266168,-6.97469413473523,-6.920818753952375,-6.58838029403677,-7.009661145212399,-6.978810700930062,-6.93,0.16,3.73,2.83,3.02,3.24,4.88,8.89,4.22,2.17
