#MJD,index_target_1d,index_target_2d
57759.4999537037,10.0,3.56
58368.4999537037,3.56,7.06
58634.4999537037,7.06,4.15
58690.4999537037,4.15,2.95
58697.4999537037,2.95,2.3
58725.4999537037,2.3,3.27
58788.4999537037,3.27,10.0
58921.4999537037,10.0,3.27
59054.4999537037,3.27,2.82
59159.4999537037,2.82,3.04
59593.4999537037,3.04,2.77
59789.4999537037,2.77,2.03
59922.4999537037,2.03,2.43
59929.4999537037,2.43,2.49
