#MJD,index_target_1d,index_target_2d
58522.4999537037,5.36,6.43
59432.4999537037,6.43,8.54
60153.4999537037,8.54,3.02
60503.4999537037,3.02,4.55
60517.4999537037,4.55,2.66
