#MJD,flux_target_1d,flux_target_2d
58697.4999537037,-6.804100347590766,-6.882728704344236
58725.4999537037,-6.882728704344236,-6.787812395596042
59054.4999537037,-6.787812395596042,-6.882728704344236
60321.4999537037,-6.882728704344236,-6.889410289700751
