#MJD,index_target_1d,index_target_2d
57115.499976851854,2.72,2.28
57535.49996527778,2.28,3.17
58011.4999537037,3.17,3.64
58326.4999537037,3.64,6.48
58865.4999537037,6.48,7.06
59628.4999537037,7.06,2.77
59838.4999537037,2.77,2.86
60034.4999537037,2.86,4.33
60153.4999537037,4.33,6.67
60174.4999537037,6.67,2.89
60531.4999537037,2.89,3.87
