#MJD,index_target_1d,index_target_2d
59425.4999537037,6.8,3.33
59432.4999537037,3.33,4.03
