#MJD,index_target_1d,index_target_2d
57115.499976851854,4.46,2.6
57948.4999537037,2.6,4.09
57969.4999537037,4.09,3.17
58116.4999537037,3.17,1.74
58235.4999537037,1.74,5.67
59257.4999537037,5.67,3.69
59292.4999537037,3.69,4.0
59607.4999537037,4.0,2.98
