#MJD,index_target_1d,index_target_2d
57073.499976851854,5.19,3.0
57087.499976851854,3.0,2.74
57136.499976851854,2.74,3.69
57206.49996527778,3.69,6.94
57241.49996527778,6.94,4.91
57423.49996527778,4.91,3.46
59159.4999537037,3.46,2.95
59194.4999537037,2.95,3.5
59971.4999537037,3.5,10.0
