#MJD,index_target_1d,index_target_2d
56513.499976851854,6.15,3.79
56814.499976851854,3.79,5.95
57563.49996527778,5.95,3.42
57955.4999537037,3.42,4.32
58480.4999537037,4.32,3.07
59243.4999537037,3.07,4.58
59271.4999537037,4.58,4.14
