#MJD,index_target_1d,index_target_2d
58592.4999537037,7.35,3.26
59873.4999537037,3.26,2.32
59957.4999537037,2.32,2.26
60202.4999537037,2.26,2.23
