#MJD,index_target_1d,index_target_2d
57171.499976851854,6.58,4.33
57458.49996527778,4.33,2.59
57556.49996527778,2.59,3.25
57941.4999537037,3.25,2.88
58004.4999537037,2.88,2.47
58788.4999537037,2.47,3.33
59201.4999537037,3.33,2.6
59327.4999537037,2.6,4.11
59341.4999537037,4.11,3.8
59376.4999537037,3.8,4.13
59838.4999537037,4.13,2.19
59866.4999537037,2.19,4.94
59901.4999537037,4.94,4.64
