#MJD,flux_target_1d,flux_target_2d
56898.499976851854,-7.319664486585437,-7.073143291050307
57458.49996527778,-7.073143291050307,-6.85078088734462
57829.4999537037,-6.85078088734462,-7.183758700008217
57843.4999537037,-7.183758700008217,-7.235823867609669
58417.4999537037,-7.235823867609669,-7.022276394711152
58767.4999537037,-7.022276394711152,-7.275724130399211
59691.4999537037,-7.275724130399211,-6.910094888560602
59866.4999537037,-6.910094888560602,-7.172630726946175
