#MJD,index_target_1d,index_target_2d
57598.49996527778,2.84,4.64
58494.4999537037,4.64,2.85
59334.4999537037,2.85,4.74
59691.4999537037,4.74,2.81
59901.4999537037,2.81,2.95
60006.4999537037,2.95,3.59
60195.4999537037,3.59,10.0
