#MJD,flux_target_1d,flux_target_2d
59544.4999537037,-6.779891911959945,-7.007004901568658
59586.4999537037,-7.007004901568658,-7.050122295963125
