#MJD,index_lag_1,index_lag_2,index_lag_3,index_lag_4,index_lag_5,index_lag_6,index_rolling_mean_7,index_rolling_std_7,flux_lag_1,flux_lag_2,flux_lag_3,flux_lag_4,flux_lag_5,flux_lag_6,flux_rolling_mean_7,flux_rolling_std_7
59957.4999537037,5.0,5.0,5.0,5.0,5.0,3.19,4.45,0.93,-5.581698708680254,-5.581698708680254,-7.213248577854439,-7.214670164989233,-7.16304326294045,-7.357535479757878,-6.77,0.81
60447.4999537037,2.99,5.0,5.0,5.0,5.0,5.0,4.71,0.76,-7.266802734893431,-5.581698708680254,-5.581698708680254,-7.213248577854439,-7.214670164989233,-7.16304326294045,-6.75,0.8
