#MJD,flux_target_1d,flux_target_2d
57801.4999537037,-7.077793722560983,-7.035269078946371
58109.4999537037,-7.035269078946371,-7.1432711096171175
58116.4999537037,-7.1432711096171175,-6.987162775294828
58137.4999537037,-6.987162775294828,-7.054531414868181
58375.4999537037,-7.054531414868181,-7.1180450286604
58417.4999537037,-7.1180450286604,-7.0835460514500745
