#MJD,index_target_1d,index_target_2d
56219.499976851854,4.27,4.53
57248.49996527778,4.53,5.0
57570.49996527778,5.0,2.65
57682.49996527778,2.65,4.87
58417.4999537037,4.87,2.97
59033.4999537037,2.97,5.0
59243.4999537037,5.0,3.04
59411.4999537037,3.04,2.98
59621.4999537037,2.98,3.66
59628.4999537037,3.66,3.36
59649.4999537037,3.36,5.0
60202.4999537037,5.0,4.06
