#MJD,flux_target_1d,flux_target_2d
55939.49998842592,-6.772113295386326,-7.199282921717615
56989.499976851854,-7.199282921717615,-6.580044251510242
57213.49996527778,-6.580044251510242,-6.856985199745905
58270.4999537037,-6.856985199745905,-6.7544873321858505
58585.4999537037,-6.7544873321858505,-6.987162775294828
59355.4999537037,-6.987162775294828,7.9898945637187735
59579.4999537037,7.9898945637187735,-6.8696662315049934
59705.4999537037,-6.8696662315049934,-7.061480274823508
59726.4999537037,-7.061480274823508,-6.991399828238082
