#MJD,flux_target_1d,flux_target_2d
57136.499976851854,-7.1830961606243395,-7.087777943467585
57178.499976851854,-7.087777943467585,-7.090443970758825
57332.49996527778,-7.090443970758825,-7.165579296318468
59397.4999537037,-7.165579296318468,-7.223298816011589
60349.4999537037,-7.223298816011589,-7.126679398184601
