#MJD,index_target_1d,index_target_2d
59292.4999537037,2.86,2.53
59334.4999537037,2.53,7.19
59537.4999537037,7.19,5.14
59600.4999537037,5.14,10.0
60020.4999537037,10.0,2.85
60041.4999537037,2.85,4.6
60167.4999537037,4.6,3.03
60454.4999537037,3.03,2.61
60580.4999537037,2.61,4.05
