#MJD,index_target_1d,index_target_2d
59530.4999537037,4.36,3.21
59537.4999537037,3.21,2.61
59915.4999537037,2.61,2.1
59985.4999537037,2.1,2.4
59992.4999537037,2.4,2.28
59999.4999537037,2.28,2.3
60006.4999537037,2.3,3.33
60013.4999537037,3.33,3.68
60027.4999537037,3.68,3.88
60069.4999537037,3.88,5.0
60174.4999537037,5.0,5.0
