#MJD,flux_lag_1,flux_lag_2,flux_lag_3,flux_lag_4,flux_lag_5,flux_lag_6,flux_rolling_mean_7,flux_rolling_std_7,index_lag_1,index_lag_2,index_lag_3,index_lag_4,index_lag_5,index_lag_6,index_rolling_mean_7,index_rolling_std_7
56898.499976851854,-6.924453038607469,-6.962573502059376,-6.785156151952302,-7.039529222465701,-6.896196279044043,-7.106238237942057,-6.98,0.13,5.0,3.39,5.0,3.65,3.69,3.52,4.18,0.77
57458.49996527778,-7.161150909262744,-6.924453038607469,-6.962573502059376,-6.785156151952302,-7.039529222465701,-6.896196279044043,-7.01,0.18,5.0,5.0,3.39,5.0,3.65,3.69,4.12,0.84
57829.4999537037,-7.319664486585437,-7.161150909262744,-6.924453038607469,-6.962573502059376,-6.785156151952302,-7.039529222465701,-7.04,0.17,3.14,5.0,5.0,3.39,5.0,3.65,4.11,0.85
57843.4999537037,-7.073143291050307,-7.319664486585437,-7.161150909262744,-6.924453038607469,-6.962573502059376,-6.785156151952302,-7.01,0.19,3.62,3.14,5.0,5.0,3.39,5.0,4.31,0.88
58417.4999537037,-6.85078088734462,-7.073143291050307,-7.319664486585437,-7.161150909262744,-6.924453038607469,-6.962573502059376,-7.07,0.17,5.0,3.62,3.14,5.0,5.0,3.39,4.04,0.92
58767.4999537037,-7.183758700008217,-6.85078088734462,-7.073143291050307,-7.319664486585437,-7.161150909262744,-6.924453038607469,-7.11,0.17,3.11,5.0,3.62,3.14,5.0,5.0,4.06,0.9
59691.4999537037,-7.235823867609669,-7.183758700008217,-6.85078088734462,-7.073143291050307,-7.319664486585437,-7.161150909262744,-7.12,0.15,3.53,3.11,5.0,3.62,3.14,5.0,4.06,0.9
59866.4999537037,-7.022276394711152,-7.235823867609669,-7.183758700008217,-6.85078088734462,-7.073143291050307,-7.319664486585437,-7.14,0.17,5.0,3.53,3.11,5.0,3.62,3.14,3.8,0.84
