#MJD,index_target_1d,index_target_2d
55932.49998842592,6.79,2.38
56464.499976851854,2.38,4.39
56919.499976851854,4.39,6.08
57206.49996527778,6.08,2.66
57647.49996527778,2.66,3.95
57787.4999537037,3.95,6.03
57899.4999537037,6.03,4.38
58368.4999537037,4.38,2.73
58522.4999537037,2.73,2.64
58781.4999537037,2.64,3.45
58879.4999537037,3.45,5.44
58984.4999537037,5.44,2.61
59341.4999537037,2.61,2.93
60209.4999537037,2.93,3.32
60272.4999537037,3.32,2.45
