#MJD,flux_lag_1,flux_lag_2,flux_lag_3,flux_lag_4,flux_lag_5,flux_lag_6,flux_rolling_mean_7,flux_rolling_std_7,index_lag_1,index_lag_2,index_lag_3,index_lag_4,index_lag_5,index_lag_6,index_rolling_mean_7,index_rolling_std_7
57591.49996527778,-6.818156412055227,-6.671620396561262,-6.886056647693163,-6.806875401645539,-6.835647144215563,-6.761953896871205,-6.81,0.08,3.57,3.09,3.19,3.43,6.95,5.52,4.13,1.51
57899.4999537037,-6.896196279044043,-6.818156412055227,-6.671620396561262,-6.886056647693163,-6.806875401645539,-6.835647144215563,-6.83,0.08,3.14,3.57,3.09,3.19,3.43,6.95,3.88,1.38
58480.4999537037,-6.863279432843593,-6.896196279044043,-6.818156412055227,-6.671620396561262,-6.886056647693163,-6.806875401645539,-6.82,0.08,3.77,3.14,3.57,3.09,3.19,3.43,3.84,1.27
59166.4999537037,-6.815308569182402,-6.863279432843593,-6.896196279044043,-6.818156412055227,-6.671620396561262,-6.886056647693163,-6.83,0.08,6.66,3.77,3.14,3.57,3.09,3.19,4.1,1.36
