#MJD,flux_target_1d,flux_target_2d
57955.4999537037,-7.098541678603888,-6.966576244513051
59089.4999537037,-6.966576244513051,-7.074172425375258
59215.4999537037,-7.074172425375258,-7.013676222949234
