#MJD,index_lag_1,index_lag_2,index_lag_3,index_lag_4,index_lag_5,index_lag_6,index_rolling_mean_7,index_rolling_std_7,flux_lag_1,flux_lag_2,flux_lag_3,flux_lag_4,flux_lag_5,flux_lag_6,flux_rolling_mean_7,flux_rolling_std_7
59306.4999537037,6.34,3.13,5.86,2.38,5.5,4.63,4.47,1.51,-6.3851027839668655,-7.101823516502323,-7.055517327849832,-7.244887733604929,-6.903089986991944,-6.97469413473523,-6.94,0.27
59579.4999537037,3.44,6.34,3.13,5.86,2.38,5.5,4.33,1.54,-6.928117992693875,-6.3851027839668655,-7.101823516502323,-7.055517327849832,-7.244887733604929,-6.903089986991944,-6.94,0.27
