#MJD,index_target_1d,index_target_2d
58935.4999537037,2.84,2.21
59376.4999537037,2.21,2.29
59397.4999537037,2.29,4.77
59411.4999537037,4.77,5.2
59614.4999537037,5.2,5.75
59859.4999537037,5.75,2.74
