#MJD,index_lag_1,index_lag_2,index_lag_3,index_lag_4,index_lag_5,index_lag_6,index_rolling_mean_7,index_rolling_std_7,flux_lag_1,flux_lag_2,flux_lag_3,flux_lag_4,flux_lag_5,flux_lag_6,flux_rolling_mean_7,flux_rolling_std_7
55939.49998842592,2.58,2.56,2.49,4.37,3.84,3.09,3.16,0.72,-6.928117992693875,-7.115204636051019,-7.087777943467585,-6.841637507904751,-6.966576244513051,-7.130768280269024,-7.03,0.12
57094.499976851854,3.21,2.58,2.56,2.49,4.37,3.84,3.12,0.73,-7.124360062995832,-6.928117992693875,-7.115204636051019,-7.087777943467585,-6.841637507904751,-6.966576244513051,-7.02,0.11
57192.499976851854,2.81,3.21,2.58,2.56,2.49,4.37,3.52,1.52,-7.042871802323187,-7.124360062995832,-6.928117992693875,-7.115204636051019,-7.087777943467585,-6.841637507904751,-7.02,0.1
57416.49996527778,6.62,2.81,3.21,2.58,2.56,2.49,3.3,1.48,-7.002176919254275,-7.042871802323187,-7.124360062995832,-6.928117992693875,-7.115204636051019,-7.087777943467585,-7.05,0.07
57892.4999537037,2.84,6.62,2.81,3.21,2.58,2.56,3.78,1.7,-7.042392712939905,-7.002176919254275,-7.042871802323187,-7.124360062995832,-6.928117992693875,-7.115204636051019,-7.05,0.07
