#MJD,flux_lag_1,flux_lag_2,flux_lag_3,flux_lag_4,flux_lag_5,flux_lag_6,flux_rolling_mean_7,flux_rolling_std_7,index_lag_1,index_lag_2,index_lag_3,index_lag_4,index_lag_5,index_lag_6,index_rolling_mean_7,index_rolling_std_7
58788.4999537037,-6.688246138944246,-7.075204004202088,-6.943095148663527,-7.032452023781138,-7.140261433802853,-7.141462802430361,-7.01,0.16,6.77,2.9,5.48,2.65,2.63,2.22,3.68,1.73
58823.4999537037,-7.0746879085003505,-6.688246138944246,-7.075204004202088,-6.943095148663527,-7.032452023781138,-7.140261433802853,-6.99,0.15,3.12,6.77,2.9,5.48,2.65,2.63,4.03,1.63
59243.4999537037,-6.966576244513051,-7.0746879085003505,-6.688246138944246,-7.075204004202088,-6.943095148663527,-7.032452023781138,-6.96,0.13,4.68,3.12,6.77,2.9,5.48,2.65,4.2,1.52
59334.4999537037,-6.966576244513051,-6.966576244513051,-7.0746879085003505,-6.688246138944246,-7.075204004202088,-6.943095148663527,-5.18,4.69,3.81,4.68,3.12,6.77,2.9,5.48,5.25,2.5
59691.4999537037,5.4623979978989565,-6.966576244513051,-6.966576244513051,-7.0746879085003505,-6.688246138944246,-7.075204004202088,-5.2,4.71,10.0,3.81,4.68,3.12,6.77,2.9,4.84,2.68
59733.4999537037,-7.1220530483708115,5.4623979978989565,-6.966576244513051,-6.966576244513051,-7.0746879085003505,-6.688246138944246,-5.2,4.7,2.61,10.0,3.81,4.68,3.12,6.77,4.84,2.68
59761.4999537037,-7.045757490560675,-7.1220530483708115,5.4623979978989565,-6.966576244513051,-6.966576244513051,-7.0746879085003505,-5.27,4.73,2.91,2.61,10.0,3.81,4.68,3.12,4.57,2.54
59880.4999537037,-7.153662887870195,-7.045757490560675,-7.1220530483708115,5.4623979978989565,-6.966576244513051,-6.966576244513051,-5.23,4.72,4.84,2.91,2.61,10.0,3.81,4.68,4.82,2.46
