#MJD,flux_target_1d,flux_target_2d
57766.4999537037,-6.97469413473523,-6.91721462968355
58193.4999537037,-6.91721462968355,-6.939302159646388
58235.4999537037,-6.939302159646388,-6.892790030352131
58970.4999537037,-6.892790030352131,-6.954677021213342
59159.4999537037,-6.954677021213342,-6.866461091629782
59845.4999537037,-6.866461091629782,-6.853871964321762
60111.4999537037,-6.853871964321762,-6.906578314837765
60195.4999537037,-6.906578314837765,-6.97061622231479
60370.4999537037,-6.97061622231479,-6.215382707367125
