#MJD,index_target_1d,index_target_2d
55470.49998842592,2.57,2.83
55659.49998842592,2.83,3.32
55778.49998842592,3.32,3.31
55785.49998842592,3.31,4.08
55995.49998842592,4.08,3.54
56415.499976851854,3.54,3.07
56471.499976851854,3.07,3.2
57101.499976851854,3.2,2.71
57381.49996527778,2.71,8.09
57395.49996527778,8.09,5.71
57479.49996527778,5.71,4.24
57486.49996527778,4.24,2.72
57528.49996527778,2.72,3.27
57710.49996527778,3.27,2.87
57850.4999537037,2.87,3.64
58228.4999537037,3.64,9.17
