#MJD,flux_target_1d,flux_target_2d
56639.499976851854,-7.438898616350944,-7.459670525209126
58291.4999537037,-7.459670525209126,-7.213958789757446
58669.4999537037,-7.213958789757446,-7.086186147616283
58991.4999537037,-7.086186147616283,-7.27083521030723
59096.4999537037,-7.27083521030723,-7.39040559077478
59859.4999537037,-7.39040559077478,-7.382999658879101
60545.4999537037,-7.382999658879101,-7.3979400086720375
60692.4999537037,-7.3979400086720375,-7.3214816209598865
