#MJD,index_target_1d,index_target_2d
56051.49998842592,3.02,3.4
56058.49998842592,3.4,3.33
56464.499976851854,3.33,4.17
56611.499976851854,4.17,3.22
56779.499976851854,3.22,3.85
58102.4999537037,3.85,3.32
59313.4999537037,3.32,5.0
59607.4999537037,5.0,5.0
59712.4999537037,5.0,4.61
60237.4999537037,4.61,3.53
