#MJD,flux_target_1d,flux_target_2d
58326.4999537037,-6.913640169325252,-5.391473966422806
59418.4999537037,-5.391473966422806,-7.087777943467585
60363.4999537037,-7.087777943467585,-6.048176964684088
60496.4999537037,-6.048176964684088,-7.09366495819491
