#MJD,flux_target_1d,flux_target_2d
57115.499976851854,-6.991399828238082,-6.97061622231479
57948.4999537037,-6.97061622231479,-6.806875401645539
57969.4999537037,-6.806875401645539,-7.0034883278458215
58116.4999537037,-7.0034883278458215,-7.057495893831919
58235.4999537037,-7.057495893831919,-6.675717544702307
59257.4999537037,-6.675717544702307,-6.801342913045577
59292.4999537037,-6.801342913045577,-7.050609993355087
59607.4999537037,-7.050609993355087,-6.950781977329818
