#MJD,index_lag_1,index_lag_2,index_lag_3,index_lag_4,index_lag_5,index_lag_6,index_rolling_mean_7,index_rolling_std_7,flux_lag_1,flux_lag_2,flux_lag_3,flux_lag_4,flux_lag_5,flux_lag_6,flux_rolling_mean_7,flux_rolling_std_7
57122.499976851854,1.86,3.12,2.47,2.58,5.06,4.25,3.22,1.1,-7.2020403562628035,-6.928117992693875,-7.129011186239425,-7.141462802430361,-7.208309350979882,-6.97469413473523,-7.12,0.12
57129.499976851854,3.22,1.86,3.12,2.47,2.58,5.06,3.3,1.2,-7.2335871528876,-7.2020403562628035,-6.928117992693875,-7.129011186239425,-7.141462802430361,-7.208309350979882,-7.15,0.11
57276.49996527778,4.8,3.22,1.86,3.12,2.47,2.58,2.94,0.94,-7.232844133917819,-7.2335871528876,-7.2020403562628035,-6.928117992693875,-7.129011186239425,-7.141462802430361,-7.13,0.11
58004.4999537037,2.51,4.8,3.22,1.86,3.12,2.47,3.04,0.93,-7.074172425375258,-7.232844133917819,-7.2335871528876,-7.2020403562628035,-6.928117992693875,-7.129011186239425,-7.12,0.11
59138.4999537037,3.28,2.51,4.8,3.22,1.86,3.12,3.44,1.22,-7.0695604052333,-7.074172425375258,-7.232844133917819,-7.2335871528876,-7.2020403562628035,-6.928117992693875,-7.12,0.11
59754.4999537037,5.31,3.28,2.51,4.8,3.22,1.86,3.47,1.21,-7.09366495819491,-7.0695604052333,-7.074172425375258,-7.232844133917819,-7.2335871528876,-7.2020403562628035,-7.14,0.08
