#MJD,flux_lag_1,flux_lag_2,flux_lag_3,flux_lag_4,flux_lag_5,flux_lag_6,flux_rolling_mean_7,flux_rolling_std_7,index_lag_1,index_lag_2,index_lag_3,index_lag_4,index_lag_5,index_lag_6,index_rolling_mean_7,index_rolling_std_7
56660.499976851854,-7.032452023781138,-7.208309350979882,-7.018634490921456,-7.185086818724926,-7.012780770091995,-7.152427340857888,-7.09,0.09,4.21,7.72,3.6,2.5,7.84,3.4,4.58,2.25
56765.499976851854,-7.027334407733889,-7.032452023781138,-7.208309350979882,-7.018634490921456,-7.185086818724926,-7.012780770091995,-7.09,0.08,2.8,4.21,7.72,3.6,2.5,7.84,4.46,2.35
56821.499976851854,-7.113509274827518,-7.027334407733889,-7.032452023781138,-7.208309350979882,-7.018634490921456,-7.185086818724926,-7.07,0.11,2.53,2.8,4.21,7.72,3.6,2.5,4.22,2.01
57367.49996527778,-6.906578314837765,-7.113509274827518,-7.027334407733889,-7.032452023781138,-7.208309350979882,-7.018634490921456,-7.06,0.1,6.15,2.53,2.8,4.21,7.72,3.6,4.4,1.88
57591.49996527778,-7.115204636051019,-6.906578314837765,-7.113509274827518,-7.027334407733889,-7.032452023781138,-7.208309350979882,-7.07,0.1,3.81,6.15,2.53,2.8,4.21,7.72,4.31,1.94
57654.49996527778,-7.115204636051019,-7.115204636051019,-6.906578314837765,-7.113509274827518,-7.027334407733889,-7.032452023781138,-7.08,0.1,2.97,3.81,6.15,2.53,2.8,4.21,3.69,1.23
