#MJD,index_lag_1,index_lag_2,index_lag_3,index_lag_4,index_lag_5,index_lag_6,index_rolling_mean_7,index_rolling_std_7,flux_lag_1,flux_lag_2,flux_lag_3,flux_lag_4,flux_lag_5,flux_lag_6,flux_rolling_mean_7,flux_rolling_std_7
59061.4999537037,5.21,3.37,3.32,4.31,3.26,3.22,3.71,0.77,-6.739928612014925,-6.590066876668706,-6.686132779630847,-6.540607512240769,-6.785156151952302,-6.787812395596042,-6.7,0.1
59432.4999537037,3.26,5.21,3.37,3.32,4.31,3.26,3.93,0.82,-6.7544873321858505,-6.739928612014925,-6.590066876668706,-6.686132779630847,-6.540607512240769,-6.785156151952302,-6.7,0.1
60349.4999537037,4.77,3.26,5.21,3.37,3.32,4.31,3.96,0.8,-6.79317412396815,-6.7544873321858505,-6.739928612014925,-6.590066876668706,-6.686132779630847,-6.540607512240769,-6.64,0.16
60356.4999537037,3.49,4.77,3.26,5.21,3.37,3.32,3.87,0.79,-6.350665141287858,-6.79317412396815,-6.7544873321858505,-6.739928612014925,-6.590066876668706,-6.686132779630847,-6.63,0.17
60706.4999537037,3.7,3.49,4.77,3.26,5.21,3.37,3.83,0.83,-6.460923901207224,-6.350665141287858,-6.79317412396815,-6.7544873321858505,-6.739928612014925,-6.590066876668706,-6.63,0.17
