#MJD,flux_target_1d,flux_target_2d
57948.4999537037,-7.211831628858833,8.037426497940624
58137.4999537037,8.037426497940624,-7.209011524911184
