#MJD,index_target_1d,index_target_2d
55554.49998842592,1.95,4.1
55666.49998842592,4.1,3.58
56072.49998842592,3.58,2.97
57073.499976851854,2.97,5.27
57080.499976851854,5.27,5.08
57465.49996527778,5.08,2.85
58928.4999537037,2.85,2.47
58935.4999537037,2.47,3.64
58963.4999537037,3.64,7.8
59467.4999537037,7.8,4.87
59880.4999537037,4.87,6.39
60272.4999537037,6.39,6.37
60727.4999537037,6.37,4.55
60930.4999537037,4.55,2.61
