#MJD,index_target_1d,index_target_2d
57451.49996527778,2.53,6.91
57850.4999537037,6.91,5.02
57899.4999537037,5.02,3.32
58011.4999537037,3.32,6.37
58312.4999537037,6.37,2.64
58732.4999537037,2.64,4.51
59180.4999537037,4.51,6.87
59460.4999537037,6.87,1.99
59530.4999537037,1.99,3.24
60069.4999537037,3.24,4.82
