#MJD,flux_target_1d,flux_target_2d
58109.4999537037,-7.015472686656207,-6.903089986991944
58557.4999537037,-6.903089986991944,-6.835647144215563
58718.4999537037,-6.835647144215563,-6.958607314841775
58725.4999537037,-6.958607314841775,-6.954677021213342
