#MJD,index_target_1d,index_target_2d
57115.499976851854,4.27,5.23
57542.49996527778,5.23,2.55
58361.4999537037,2.55,3.02
59054.4999537037,3.02,2.16
59061.4999537037,2.16,8.02
59327.4999537037,8.02,3.32
