#MJD,index_target_1d,index_target_2d
56100.49998842592,3.49,2.92
56520.499976851854,2.92,3.38
56968.499976851854,3.38,5.02
57479.49996527778,5.02,7.99
57717.49996527778,7.99,5.83
57773.4999537037,5.83,3.67
57829.4999537037,3.67,4.57
59341.4999537037,4.57,3.78
59817.4999537037,3.78,7.59
