#MJD,index_target_1d,index_target_2d
56772.499976851854,2.21,2.25
56884.499976851854,2.25,6.81
56968.499976851854,6.81,6.68
57836.4999537037,6.68,2.42
58291.4999537037,2.42,3.27
58550.4999537037,3.27,2.92
58641.4999537037,2.92,2.1
59516.4999537037,2.1,2.67
59852.4999537037,2.67,9.92
59866.4999537037,9.92,2.76
