#MJD,index_target_1d,index_target_2d
57759.4999537037,7.1,2.67
57836.4999537037,2.67,2.7
58081.4999537037,2.7,2.0
58088.4999537037,2.0,2.19
58102.4999537037,2.19,2.19
58109.4999537037,2.19,2.07
58116.4999537037,2.07,4.87
58123.4999537037,4.87,2.46
58137.4999537037,2.46,2.46
58158.4999537037,2.46,3.65
58165.4999537037,3.65,2.21
58193.4999537037,2.21,3.96
58263.4999537037,3.96,2.56
58291.4999537037,2.56,3.47
58676.4999537037,3.47,2.09
58683.4999537037,2.09,4.05
58795.4999537037,4.05,2.87
