#MJD,index_lag_1,index_lag_2,index_lag_3,index_lag_4,index_lag_5,index_lag_6,index_rolling_mean_7,index_rolling_std_7,flux_lag_1,flux_lag_2,flux_lag_3,flux_lag_4,flux_lag_5,flux_lag_6,flux_rolling_mean_7,flux_rolling_std_7
58312.4999537037,3.44,3.01,2.48,2.81,2.52,2.8,3.06,0.65,-6.853871964321762,-6.844663962534939,-6.863279432843593,-6.661543506395395,-6.8297382846050425,-6.701146923590294,-6.8,0.09
58480.4999537037,4.34,3.44,3.01,2.48,2.81,2.52,3.98,2.42,-6.872895201635193,-6.853871964321762,-6.844663962534939,-6.863279432843593,-6.661543506395395,-6.8297382846050425,-6.82,0.07
58529.4999537037,9.28,4.34,3.44,3.01,2.48,2.81,3.99,2.42,-6.841637507904751,-6.872895201635193,-6.853871964321762,-6.844663962534939,-6.863279432843593,-6.661543506395395,-6.42,1.06
58893.4999537037,2.59,9.28,4.34,3.44,3.01,2.48,4.42,2.43,-4.023191662661934,-6.841637507904751,-6.872895201635193,-6.853871964321762,-6.844663962534939,-6.863279432843593,-6.01,1.45
59586.4999537037,5.77,2.59,9.28,4.34,3.44,3.01,4.61,2.3,-3.769551078621726,-4.023191662661934,-6.841637507904751,-6.872895201635193,-6.853871964321762,-6.844663962534939,-6.01,1.45
