#MJD,index_target_1d,index_target_2d
56863.499976851854,3.63,5.39
57052.499976851854,5.39,5.99
57360.49996527778,5.99,4.03
57731.49996527778,4.03,8.23
57801.4999537037,8.23,2.81
57892.4999537037,2.81,3.64
58592.4999537037,3.64,2.72
58676.4999537037,2.72,6.32
58732.4999537037,6.32,2.81
58788.4999537037,2.81,5.65
59138.4999537037,5.65,6.33
59418.4999537037,6.33,4.31
59789.4999537037,4.31,3.96
