#MJD,flux_target_1d,flux_target_2d
57787.4999537037,-7.0385789059335515,-6.847711655616943
57794.4999537037,-6.847711655616943,-6.978810700930062
