#MJD,index_target_1d,index_target_2d
55869.49998842592,10.0,3.16
55953.49998842592,3.16,2.54
55995.49998842592,2.54,2.44
56037.49998842592,2.44,4.52
56044.49998842592,4.52,4.48
56072.49998842592,4.48,3.65
56317.499976851854,3.65,4.22
56751.499976851854,4.22,3.63
56898.499976851854,3.63,3.42
56961.499976851854,3.42,6.73
56975.499976851854,6.73,10.0
57150.499976851854,10.0,9.65
57178.499976851854,9.65,7.04
58508.4999537037,7.04,8.4
