#MJD,index_target_1d,index_target_2d
56772.499976851854,2.47,3.35
56982.499976851854,3.35,2.78
57451.49996527778,2.78,4.79
58109.4999537037,4.79,3.02
58249.4999537037,3.02,3.12
58466.4999537037,3.12,4.44
58781.4999537037,4.44,5.24
59159.4999537037,5.24,3.31
59726.4999537037,3.31,4.02
