#MJD,index_target_1d,index_target_2d
56093.49998842592,4.59,2.52
56387.499976851854,2.52,6.35
58494.4999537037,6.35,6.25
58767.4999537037,6.25,2.24
58851.4999537037,2.24,2.77
59145.4999537037,2.77,2.22
59649.4999537037,2.22,4.04
