#MJD,index_target_1d,index_target_2d
57409.49996527778,3.03,3.39
57549.49996527778,3.39,3.02
57836.4999537037,3.02,5.9
58235.4999537037,5.9,4.07
58459.4999537037,4.07,2.46
58732.4999537037,2.46,1.89
59880.4999537037,1.89,2.12
59887.4999537037,2.12,1.98
59894.4999537037,1.98,2.13
59908.4999537037,2.13,2.39
59936.4999537037,2.39,2.35
59950.4999537037,2.35,4.13
60055.4999537037,4.13,3.17
