#MJD,index_target_1d,index_target_2d
56786.499976851854,3.95,2.96
57192.499976851854,2.96,2.46
57255.49996527778,2.46,3.01
57367.49996527778,3.01,5.16
57857.4999537037,5.16,2.09
57969.4999537037,2.09,3.6
58165.4999537037,3.6,3.0
59110.4999537037,3.0,4.61
59222.4999537037,4.61,5.09
59705.4999537037,5.09,8.91
60006.4999537037,8.91,6.27
60230.4999537037,6.27,2.78
60293.4999537037,2.78,9.38
60356.4999537037,9.38,8.22
