#MJD,index_target_1d,index_target_2d
59061.4999537037,4.77,3.49
59432.4999537037,3.49,3.7
60349.4999537037,3.7,2.99
60356.4999537037,2.99,3.76
60706.4999537037,3.76,2.58
