#MJD,flux_lag_1,flux_lag_2,flux_lag_3,flux_lag_4,flux_lag_5,flux_lag_6,flux_rolling_mean_7,flux_rolling_std_7,index_lag_1,index_lag_2,index_lag_3,index_lag_4,index_lag_5,index_lag_6,index_rolling_mean_7,index_rolling_std_7
59292.4999537037,-6.954677021213342,-6.886056647693163,-6.924453038607469,-6.920818753952375,-6.939302159646388,-6.896196279044043,-6.9,0.06,2.67,6.21,2.83,2.23,3.79,3.28,3.5,1.31
59334.4999537037,-6.785156151952302,-6.954677021213342,-6.886056647693163,-6.924453038607469,-6.920818753952375,-6.939302159646388,-6.9,0.06,3.51,2.67,6.21,2.83,2.23,3.79,3.44,1.33
59537.4999537037,-6.906578314837765,-6.785156151952302,-6.954677021213342,-6.886056647693163,-6.924453038607469,-6.920818753952375,-6.83,0.19,2.86,3.51,2.67,6.21,2.83,2.23,3.26,1.36
59600.4999537037,-6.401209493236885,-6.906578314837765,-6.785156151952302,-6.954677021213342,-6.886056647693163,-6.924453038607469,-6.83,0.19,2.53,2.86,3.51,2.67,6.21,2.83,3.97,1.91
60020.4999537037,-6.91721462968355,-6.401209493236885,-6.906578314837765,-6.785156151952302,-6.954677021213342,-6.886056647693163,-6.82,0.19,7.19,2.53,2.86,3.51,2.67,6.21,4.3,1.88
60041.4999537037,-6.860120913598763,-6.91721462968355,-6.401209493236885,-6.906578314837765,-6.785156151952302,-6.954677021213342,-6.82,0.19,5.14,7.19,2.53,2.86,3.51,2.67,4.84,2.83
60167.4999537037,-6.928117992693875,-6.860120913598763,-6.91721462968355,-6.401209493236885,-6.906578314837765,-6.785156151952302,-6.83,0.2,10.0,5.14,7.19,2.53,2.86,3.51,4.87,2.81
60454.4999537037,-6.982966660701219,-6.928117992693875,-6.860120913598763,-6.91721462968355,-6.401209493236885,-6.906578314837765,-6.85,0.2,2.85,10.0,5.14,7.19,2.53,2.86,5.02,2.75
60580.4999537037,-6.935542010773082,-6.982966660701219,-6.928117992693875,-6.860120913598763,-6.91721462968355,-6.401209493236885,-6.84,0.2,4.6,2.85,10.0,5.14,7.19,2.53,5.05,2.73
