#MJD,flux_target_1d,flux_target_2d
59635.4999537037,-7.057991946977687,-7.1487416512809245
59712.4999537037,-7.1487416512809245,-7.089375595110798
