#MJD,flux_target_1d,flux_target_2d
57997.4999537037,-6.478861916295964,1.866287339084195
58102.4999537037,1.866287339084195,-6.809668301829708
58256.4999537037,-6.809668301829708,-5.809668301829708
59369.4999537037,-5.809668301829708,-7.058488567365597
